"Foreign direct investment, net outflows (% of GDP)",1960,1961,1962,1963,1964,1965,1966,1967,1968,1969,1970,1971,1972,1973,1974,1975,1976,1977,1978,1979,1980,1981,1982,1983,1984,1985,1986,1987,1988,1989,1990,1991,1992,1993,1994,1995,1996,1997,1998,1999,2000,2001,2002,2003,2004,2005,2006,2007,2008,2009,2010,2011
Afghanistan,,,,,,,,,,,,,,,,,,,,,,,,,,,,,,,,,,,,,,,,,,,,,,,,,,,,
Albania,,,,,,,,,,,,,,,,,,,,,,,,,,,,,,,,,,,,,,,,,,,,,0.182249300681383,0.0484872179404,0.116287188780391,0.139329180214374,0.649480881426564,0.325656199486793,0.001585638855888,
Algeria,,,,,,,,,,,,,,,,,,0.026447298064828,0.00095639839487,0.046839955187281,0.079385650843423,0.0329152981381,0.025048214803614,0.029952929663224,0.02727965749338,0.004119464309679,-0.008346683212533,0.022552946362819,0.008297614604059,0.014647673005779,0.007557089959278,0.110006665594816,,,,,,,,,,,,,,-0.019542872643435,0.029017834914359,0.217225533692351,0.185976582450421,0.155661799880414,,
American Samoa,,,,,,,,,,,,,,,,,,,,,,,,,,,,,,,,,,,,,,,,,,,,,,,,,,,,
Andorra,,,,,,,,,,,,,,,,,,,,,,,,,,,,,,,,,,,,,,,,,,,,,,,,,,,,
Angola,,,,,,,,,,,,,,,,,,,,,,,,,,,,,,,0.008771764511271,,,,,,,,,,,,0.251055429032389,0.169314601106591,0.178202830900897,0.716112051587231,0.421991616693423,1.50828355235098,3.05261271254437,0.00894540079328,1.57814520633623,
Antigua and Barbuda,,,,,,,,,,,,,,,,,,,,,,,,,,,,,,,,,,,,,,,,,,,,,,,,,,,,
Argentina,,,,,,,,,,,,,,,,,,-0.001761152495064,-0.039598594108936,-0.085195690732247,-0.142927820215136,-0.135999357347959,-0.035584028329655,0.001923463339872,,,,,,,,,0.509623850669077,0.297807555530088,0.393429214265862,0.580218619020587,0.588186817451563,1.24729627383042,0.777885847099264,0.610279540130194,0.317036004733208,0.05987296396128,-0.614600103534323,0.597065815428104,0.441449936178854,0.715669852742407,1.13923152957578,0.576844529752158,0.425778794220298,0.231713523292718,0.261639904375805,
Armenia,,,,,,,,,,,,,,,,,,,,,,,,,,,,,,,,,,,,,,,,,,,,0.012824801416336,0.062908639838436,0.137190670713462,0.048235438627577,-0.023245008689913,0.087547122590394,0.609609935521192,0.088035804274217,
Aruba,,,,,,,,,,,,,,,,,,,,,,,,,,,,,,,,,,,,,0.024291496199835,-0.109409182935868,0.08386447502385,-0.246433198386338,-0.018034264372922,-0.270667832625813,-0.321543407531532,,,,,,,,,
Australia,0.095378937541985,0.118362235037378,0.083597427563061,0.08245694698296,0.093305482378029,0.175192166147822,0.121957092698502,0.175114226200679,0.179846467669128,0.290544512823473,0.268591883578469,0.22847816024744,0.245183185150075,0.401760076544282,0.272469380045422,0.162842187385695,0.250685085624647,0.239479213099785,0.197523089755118,0.252171601481921,0.304719416392904,0.410577944122528,0.356058888409683,0.291689228403601,0.7209792019365,1.03186730317323,1.81343686670926,2.68630949093518,2.44157824920251,0.956682261860066,0.322476576762959,0.367559223768129,1.56590218417172,0.61654295356518,0.864406462354389,0.880825045666904,1.74716755418159,1.45505791776845,0.833937219188982,-0.108150755155252,0.785633623529478,3.14543442593529,1.96227977274815,3.67546808135864,1.79617722318959,-4.87319097477941,3.19190721489473,2.32960294035806,3.58995230245659,1.70102012037627,2.16737069128762,
Austria,,,,,,,,0.017272004838461,0.134484953885308,0.091461835791573,0.056704664317118,0.203749806769578,0.17519672062329,0.132284635122153,0.056466483718207,0.064960464407287,0.131793937817842,0.168347894565949,0.145906694677356,0.115603991810081,0.123627917938421,0.299210862242516,0.197073076211703,0.263824986099914,0.104319063707693,0.106756246200707,0.32237522826768,0.254676789352036,0.234559175405244,0.65752230273524,1.0316932961882,0.751255004288689,0.876572405508326,0.631543731101762,0.62441666633747,0.475779279812416,0.818378530562709,0.954997279328864,1.30439798674956,1.55814604891072,2.91468325070929,1.63400503550033,2.76766586821444,2.81297609097989,2.89077235389433,26.834873690682,2.6328639651969,19.0864407953888,7.13138019524622,3.11905761704559,-5.37568680445716,
Azerbaijan,,,,,,,,,,,,,,,,,,,,,,,,,,,,,,,,,,,,,,0.000100941018529,0.00044980246971,,0.014414094020898,,5.22149931323032,12.8268416786772,13.8795500923531,9.2165354262248,3.36231482745136,0.86428245270711,1.13729940902704,0.736312995800739,0.44805502144333,
Bahamas,,,,,,,,,,,,,,,,,,,,,,,,,,,,,,0.013063357282822,-0.003158559696778,-0.04178505766338,0.009649404953361,0.003234152652005,-0.003068425897515,0.002916302128901,-0.00831255195345,0.008062697145543,0.0186792848972,0.003322274588653,,,,,,,,,,,,
Bahrain,,,,,,,,,,,,,,,,,,,,,,,,,,,,,,,0.591046257428,1.08313646960152,1.1139721965184,0.746688495866529,3.56835779649893,-0.27482578932549,4.99555901548332,0.750417808923258,2.92409451225349,2.46710227638634,0.119847933143713,2.72364029159124,2.23797050684166,7.60550940414743,9.21741382610282,8.43503428396405,6.18137318148869,9.03556601221817,7.39846902500313,-8.6987038850477,,
Bangladesh,,,,,,,,,,,,,,,,,,,,,,,,,,,,,,,,,,,,,,0.007244106843789,0.006808893258225,0.000131229322458,,,0.005627424357903,0.005350841495231,0.007193722116703,0.003218305020762,,,,,0.000257725345117,
Barbados,,,,,,,,,,,0.110192837410468,0.645329214789662,-0.022301741032295,0.286786728158705,0.042911667973657,0.197067650587567,0.217953963767808,0.080789047354853,-0.009043615498989,0.037296027712004,0.069731890489626,0.126722672648725,0.050535178064701,0.133274333669308,0.131012258909082,0.187784768480138,0.209035335284063,0.169121222182538,0.061652525897856,0.173129918087633,0.081850478871852,0.07705222089215,0.05350960132975,0.158418065056735,0.063696379769302,0.177500872265317,0.179031027113521,0.054735457915714,0.040176943036148,0.052665619852209,0.041034057498628,0.043066539077177,0.01894103214434,0.018553703779467,0.13758539305949,0.303814021797005,1.3929585280015,2.41225981769917,-0.16988725276591,1.75696482688622,8.26875433726731,
Belarus,,,,,,,,,,,,,,,,,,,,,,,,,,,,,,,,,,,,,,0.014863665767886,0.015109694911894,0.00659060812236,0.001570246161083,0.002428202082314,-1.41281982913961,0.00841494141907,0.005617592085102,0.008275380338143,0.00811646173313,0.033572083861214,0.050359193409702,0.207423120409889,0.092116830997842,
Belgium,,,,,,,,,,,,,,,,,,,,,,,,,,,,,,,,,,,,,,,,,,,3.52150947741735,12.5263227763666,9.58887757041441,8.62673049350241,12.5411577524485,18.1766209387831,42.1310447520723,1.40258983962164,10.1981389119075,
Belize,,,,,,,,,,,,,,,,,,,,,,,,,,,,,,,,,,,,,0.883401409866563,0.596149679153438,0.653241373138384,,,,,0.036230800122739,0.006081962944683,0.08799107120722,0.047122276190516,0.07722080996797,0.202969704128947,0.034192026686434,0.080019793718772,
Benin,,,,,,,,,,,,,,,,,,,,0.016644278673438,,0.002280242836238,0.041768429519205,0.049593234077319,0.045068924461031,,,,,,,,,,,,0.992791692901794,0.609216162567048,0.222903057700101,0.060480391364071,0.15890203529393,0.097204062656162,0.048091297863452,0.008849552743119,-0.032363669806912,-0.008976340704266,-0.036513442543784,-0.109852952282311,-0.05974800987872,0.469818495797366,,
Bermuda,,,,,,,,,,,,,,,,,,,,,,,,,,,,,,,,,,,,,,,,,,,,,,,,,,,,
Bhutan,,,,,,,,,,,,,,,,,,,,,,,,,,,,,,,,,,,,,,,,,,,,,,,,,,,,
Bolivia,,,,,,,,,,,,,,,,,,,,,0.01101931327026,0.001697329870622,0.001787591767606,0.001844114676836,,,,0.039318871395176,0.041325768822404,0.021204506261702,0.02259848579875,0.037430336374897,0.035436711764018,0.034875386223,0.036781800055514,0.029783336132919,0.02839007195047,0.030281107853858,0.032950870710656,0.033795765660674,0.033341834684201,0.031689440623863,0.032888557130216,0.034395739046712,0.031914462844129,0.031416256459896,0.026197904725824,0.022864951881635,0.017990987481966,0.017301045853514,-0.146594222081464,
Bosnia and Herzegovina,,,,,,,,,,,,,,,,,,,,,,,,,,,,,,,,,,,,,,,,,,,,,0.015338161032058,0.004057069770567,0.033817507804441,0.186802662534096,0.088484825638881,0.032050539053252,0.263386506726077,
Botswana,,,,,,,,,,,,,,,,,0.030927364969374,0.052599495824588,,,0.218237698244864,-0.011133141215685,,-0.108884758190793,-0.018616041292581,0.132046381628376,,,,,0.194212848574631,0.215836309551565,0.237802332212019,0.228158495873301,0.21802458275716,0.85689887479171,-0.02194081385635,0.079218234574564,0.067382080532433,0.025800589790676,0.039999412228438,6.49057819303677,0.704161518045507,2.60640985396743,-0.370180746334214,0.545154689034056,0.443460124997068,0.412301538892844,-0.676157798492293,0.567896591543051,0.001812882760971,
Brazil,,,,,,,,,,,,,,,,0.090534770369201,0.119860081665257,0.082873892062338,0.061752713767362,0.087122925429216,0.156153867121288,0.078539666384195,0.133483713547758,0.091980249208267,0.020093394797814,0.036332190801882,0.053330901796325,0.046925350328257,0.052966521387509,0.122886692524878,0.143954418169124,0.24893342039149,0.035077248545616,0.112023854707554,0.189845593015031,0.179985418508689,-0.05561621025568,0.119605144050201,0.32245965198744,0.287971715492958,0.35389801764673,-0.407814067747148,0.492265667800317,0.045124680284338,1.42683982162227,0.28528031737501,2.58995715590399,0.517331588647775,1.2378474574295,-0.632442226372416,0.554989396680972,
Brunei,,,,,,,,,,,,,,,,,,,,,,,,,,,,,,,,,,,,,,,,,,,,,0.528114781124718,,0.15218492511344,,,,,
Bulgaria,,,,,,,,,,,,,,,,,,,,,,,,,,,,,,,,,,,,-0.061213148139215,-0.320573592681185,-0.016909586330086,0.000558925002996,0.129396032472287,0.025449788514995,0.069658337761525,0.177342738388356,0.128229997588989,-0.858155802561552,1.06459662956118,0.526513181369802,0.739554228887134,1.54774697136555,-0.227319188037748,0.53266691273528,
Burkina Faso,,,,,,,,,,,,,,,0.050841316990456,0.071981161293975,0.0257160167315,0.032382262197943,0.051952341667597,0.020702122156547,0.001717961538846,0.001450612515901,0.013009559221908,0.001639867219929,0.000940587035619,0.002007219458275,0.001985263892192,,,,,,,,,,,,,,0.006401527640743,0.02163032614999,0.083695175737382,0.111041744265697,-0.112856674335199,0.321992378473221,0.688305538249855,0.490504452664195,0.604363882967837,0.419198493173606,,
Burundi,,,,,,,,,,,,,,,,,,,,,,,,,,,,,,0.004526355672769,0.000515787024308,0.002359631274304,,0.014481228069368,0.01112439661113,0.060032538932371,,,,0.058805184897175,,0.001818174519354,,,,,,0.003584906712452,0.049785194272691,,,
Cambodia,,,,,,,,,,,,,,,,,,,,,,,,,,,,,,,,,,,,,,,0.634304519806688,0.25849795852434,0.180430836728433,0.183124164119571,0.140662007937301,0.207395618858066,0.191894341933426,0.0997609081242,0.115223149731843,0.012675422832049,0.197924683039836,0.180862762843555,0.183059848721275,
Cameroon,,,,,,,,,,,,,,,,,,0.130584855527823,0.155759417494925,-0.037210209769843,-0.122175203419702,-0.004819194877779,0.058594840936086,0.070743638157983,0.129653975131671,0.12948360708379,0.147899647279371,0.093851177978066,0.22923309215316,0.23411752780802,0.135367369759622,0.173041885266917,0.290070293125756,0.163369732910901,0.004297507259458,0.006882033717326,0.083177981683245,-0.039612594307842,0.249386345735944,-0.111216569125749,0.096028410063467,0.366837470660915,-0.304509634888479,0.062308955789628,0.060500019370047,-0.139675440592423,-0.267265770212449,-0.029102321290862,-0.19934142440493,-0.634571319457707,-0.159259924555416,
Canada,0.125216276589503,0.231611308070786,0.459687696563162,0.554453621722991,0.272859656684771,0.30315403582867,0.24145998765335,0.383570378868732,0.544144811563395,0.682097609011168,1.07697556937187,0.469890254980348,0.072290955180617,0.904213395868233,0.861547476375937,0.732023489701019,0.494293747051036,0.784900802537019,1.06078135731112,1.60412656512953,1.52233773006697,1.84441025585104,0.770084290349497,0.787430423710409,1.05514668194428,1.08641067461859,0.949927208517321,1.6892234120842,1.24870242326626,0.94873739401335,0.897385724024435,0.975700808965148,0.61201063167496,1.01325628702554,1.64810734202232,1.94576078133629,2.1355198910066,3.61844238372837,5.53085605955407,2.61048722017862,6.13678944500117,5.05327668054584,3.65044469482175,2.72823742997344,4.2972627766147,2.43665764862812,3.6251971327764,4.05446216758419,5.40122645046421,3.20719046848555,2.48126129237952,
Cape Verde,,,,,,,,,,,,,,,,,,,,,,,,,,,,,0.063035576594881,0.260652599353652,0.093511604605178,0.155062138413407,0.305655189558762,0.182852816320103,0.101066755043857,0.116960728412772,0.052464728619829,0.00983304647987,,0.071180701439257,0.251801812173227,0.092988088556709,,0.105159761384604,,,,0.026395875917589,-0.162182228158468,-0.010619855947906,-0.009078496038595,
Cayman Islands,,,,,,,,,,,,,,,,,,,,,,,,,,,,,,,,,,,,,,,,,,,,,,,,,,,,
Central African Rep.,,,,,,,,,,,,,,,,,,0.017651797727602,-0.219188148174036,0.046958345120991,,,0.045953441607027,0.067330408209084,0.03946881227288,0.069747084076576,0.112909872406579,0.212257564720033,0.371361284528436,0.30045785489407,0.254816789907434,0.249388333622687,0.40831580204464,0.409478321880695,0.844614220860001,,,,,,,,,,,,,,,,,
Chad,,,,,,,,,,,,,,,,,,,-0.093490082001865,0.128720910063237,0.04123657265247,0.012589554182846,0.014953669244568,0.010718578078884,,0.025639810983326,0.040022045568383,0.687250581340818,0.933443419549776,0.875022448506918,,0.559526078076639,0.731965136265792,0.746941555925267,0.04762943436339,,,,,,,,,,,,,,,,,
Channel Islands,,,,,,,,,,,,,,,,,,,,,,,,,,,,,,,,,,,,,,,,,,,,,,,,,,,,
Chile,,,,,,,,,,,,,,,,,,0.037427543678322,0.025974985176819,0.053063776524907,,,,,0.05719414750128,0.010311772031294,0.014106332780476,0.026313149935381,0.063309343461531,0.023956282549154,0.02376506614779,0.344002365399879,0.8945769533916,0.910387191521108,1.65118804758792,1.05397113866389,1.49593118714616,1.76634552644258,1.86898580656826,3.50423171240905,5.30064887871315,2.34763323428236,0.510148564084947,2.1709192996599,1.63415955392139,1.84585350669169,1.47946762148429,1.56578942761507,4.70958131337997,5.01118176057249,4.11002927701672,
China,,,,,,,,,,,,,,,,,,,,,,,0.021655332111921,0.040708066856275,0.052052551103672,0.205108699644151,0.151091951636725,0.238560033884928,0.274616435336988,0.226761535791621,0.2325340969922,0.240599581802487,0.946385111231315,0.998862887758512,0.357637989516797,0.274722557712986,0.246938174180295,0.269038235930026,0.258372437871747,0.163854533564653,0.076430467910652,0.519622891863765,0.173226008972832,-0.009279566630316,0.093446451493027,0.500938250948217,0.779962516230887,0.486393287250877,1.18250805258236,0.879503418272913,1.01492512573956,
Colombia,,,,,,,,,0.033792531487359,0.062446918166301,0.055568108780808,0.03847568351192,0.012520625410923,0.011556378920564,0.048610977591447,0.0305375356695,0.0717013921506,0.112988673177576,0.176241661508081,0.085897156585076,0.317358503310895,0.101680785781664,0.074419999802453,0.269247294486886,0.060125813414151,0.020060514246241,0.091579065430988,0.071480980178312,0.112208986270518,0.073343294515924,0.039727662310916,0.058924016357794,0.10146189266755,0.430087948623305,0.182320703264393,0.27695161126554,0.337512248174477,0.758878449998829,0.80858184206469,0.134054042805451,0.324167233905152,0.016324247844861,0.872213440258727,0.987906486490788,0.121555825955545,3.18067905238512,0.674596288314773,0.440071917378413,0.921328850137807,1.30944049747594,2.27137682364406,
Comoros,,,,,,,,,,,,,,,,,,,,,,,,,,,,,,,0.440692873142685,,,,,,,,,,,,,,,,,,,,,
"Congo, Dem. Rep.",,,,,,,,,,,,,,,,,,,,,,,,,,,,,,,,,,,,,,,,,,,,,,,,,,,,
"Congo, Rep.",,,,,,,,,,,,,,,,,,,,,,,,,,,,,,,,,,,,0.076500904003337,-0.015388153556801,0.150549693500145,-0.417354889111826,0.82046620880381,0.119433558437277,0.209881792485614,0.138011662655037,0.049217442661679,0.097727827999023,,,,,,,
Costa Rica,,,,,,,,,,,,,,,,,,,0.045413145516922,0.027257952978383,0.093139795151829,0.129582697662154,0.09207321565736,0.135799384607122,0.084895025178488,0.097985492051438,0.065718669075398,0.077039848771425,0.014842277618877,0.087382008440811,0.028365126041035,0.078184484018898,0.051320267647712,0.023863150126998,0.04451798638297,0.046918891902806,0.048044332430932,0.034375307656066,0.034194288519942,0.031675122552074,0.031354954319379,0.058148670109952,0.20214330590731,0.153804777703875,0.325739874209574,-0.21518894339046,0.435423089408679,0.996900093296028,0.019823721330381,0.025513086040303,0.069144516545899,
Cote d'Ivoire,,,,,,,,,,,,,,,,,,,,,,,,,,,,,,,,,,,,,0.003220671937509,,,,,,,,,,,,,,,
Croatia,,,,,,,,,,,,,,,,,,,,,,,,,,,,,,,,,,0.188195516023455,0.047447777021258,0.033165964177223,0.113714410380001,0.822477624175091,0.3931489365267,0.259975942510406,0.023899092326495,0.800651635250577,2.06403029583812,0.355955645199703,0.844580852301061,0.528932506571006,0.523900324338861,0.47728990865723,1.88412227878497,1.991363840789,-0.237323479933492,
Cuba,,,,,,,,,,,,,,,,,,,,,,,,,,,,,,,,,,,,,,,,,,,,,,,,,,,,
Cyprus,,,,,,,,,,,,,,,,,,,,,,,,,,0.006717024564494,,0.061715467074588,0.015025483362152,0.017720974749826,0.08199331315555,0.25374610555534,0.212399807244561,0.186086533173541,0.082082383405251,0.169655505888267,0.376278995281728,0.313459827500552,0.74041216231968,1.86757888997332,1.84748386445615,2.57394218782064,5.19119838773159,4.42718531531622,4.49971725574267,3.22171354456098,4.86177593127294,5.78243705377485,13.3576207556789,3.8664404294628,4.33991083577829,
Czech Rep.,,,,,,,,,,,,,,,,,,,,,,,,,,,,,,,,,,0.261543694963674,0.283089901771991,0.066261843843645,0.249467488580097,0.048408102100235,0.202680871961697,0.149490234650044,0.075242869621173,0.266283334209309,0.280828379400614,0.227654254080998,0.947272491393219,-0.021510890408286,1.03713439674431,0.942700898579805,1.99685162727922,0.482271771247666,0.915572454562885,
Denmark,,,,,,,,,,,,,,,,0.199053138281343,0.1454822590825,0.330097920122329,0.056024370225224,0.241991101718155,0.280666841315812,0.229887272499886,0.138657805782595,0.253561089805549,0.500504252802446,0.500681769175416,0.757772743883856,0.57617644707604,0.636299337037453,1.87700312283206,1.0911764585636,1.35484239164281,1.48876093197773,0.976341314891041,2.70961239426522,1.63128422178294,1.36115783687646,2.55510254078896,2.42702098941866,10.2441112975958,17.7291178621393,8.19656789894111,1.52384076445812,0.402730587723584,-4.05753789931285,6.28947820098414,2.96894534510835,6.4207256415758,4.16547764024752,1.88387342108747,1.06092304587613,
Djibouti,,,,,,,,,,,,,,,,,,,,,,,,,,,,,,,,,,,,,,,,,,,,,,,,,,,,
Dominica,,,,,,,,,,,,,,,,,,,,,,,,,,,,,,,,,,,,,,,,,,,,,,,,,,,,
Dominican Rep.,,,,,,,,,,,,,,,,,,,,,,,,,,,,,,,,,,,,,,,,,,,,,,,,,,,,
Ecuador,,,,,,,,,,,,,,,,,,,,,,,,,,,,,,,,,,,,,,,,,,,,,,,,,,,,
Egypt,,,,,,,,,,,,,,,,,,0.048889926908514,0.132510878833953,0.028335299621354,0.030551009658744,0.025635105014274,0.031259321461981,0.067525859566054,0.052214424026223,0.008648134933392,0.016722285707334,0.046904391497952,0.034242047572983,0.05709269325299,0.027822593306893,0.167701025305212,0.009556692851524,,0.082854856627328,0.154589707360548,0.007393199563962,0.164719072415803,0.053048016880649,0.041340214959667,0.051082477258325,0.012700752803865,0.0316446040244,0.024962712514502,0.20153418191649,0.102580427502479,0.138067016637082,0.509511895810956,1.17935231714126,0.302247668393782,0.537017228161777,
El Salvador,,,,,,,,,,,,,,,,,,,,,,,,,,,,,,,,,,,,,0.023252575146771,,0.008560528076741,0.431620446383111,-0.038068705243152,-0.070225003429939,-0.179636114547729,0.123615144849037,-0.017406936189337,0.660473388012028,-0.141773625793097,0.473516406448179,0.370631328449442,0.008518464740332,0.28895058615017,
Equatorial Guinea,,,,,,,,,,,,,,,,,,,,,,,,,,,,,,,,,,,,,,,,,,,,,,,,,,,,
Eritrea,,,,,,,,,,,,,,,,,,,,,,,,,,,,,,,,,,,,,,,,,,,,,,,,,,,,
Estonia,,,,,,,,,,,,,,,,,,,,,,,,,,,,,,,,,0.046967849639183,0.159847218235822,0.059659146532274,0.057382021404279,0.846334630105948,2.70376161524015,0.112380975160166,1.45320228772025,1.11747490942153,3.20606337601674,1.80142470542774,1.5858039767331,2.22910926353913,4.94495788814606,6.61508998389035,8.04590054728193,4.7975087740797,8.1761660591292,0.662182415420144,
Ethiopia,,,,,,,,,,,,,,,,,,,,,,,,,,,,,,,,,,,,,,,,,,,,,,,,,,,,
Faeroe Islands,,,,,,,,,,,,,,,,,,,,,,,,,,,,,,,,,,,,,,,,,,,,,,,,,,,,
Fiji,,,,,,,,,,,,,,,,,,,,,0.182990503252985,-0.122132160177766,0.067363772398697,0.008754858622895,0.047047898355946,1.13943000300559,-0.054732443569716,2.47756046781927,0.132278985749513,2.41689304785676,0.981307609290438,-0.489730069869191,1.68484717796504,1.76485114300681,-0.014967563612561,-0.144354007391227,0.461847389558233,1.43232939110521,3.77917053360361,2.72916306890071,0.136939673507065,0.159386417613858,0.093361364744444,0.166298225635881,0.118754463216731,0.344030561472147,0.018621930759005,-0.189910980288843,-0.24446383966433,0.105540138821726,0.182063162180051,
Finland,,,,,,,,,,,,,,,,0.089200005348436,0.096979693919154,0.218089732288427,0.174529762212654,0.284552687945405,0.258015615332182,0.248888960665416,0.149788928791109,0.275564025174256,0.944334823312608,0.632794331672394,1.05135017866814,1.26722620266469,2.44820600586535,2.54123493839437,2.00324729180547,-0.095757947696526,-0.687150500575344,1.60449381329009,4.32651775709834,1.14228821547739,2.79241402465788,4.27702850467305,14.4090252296112,5.17129900447951,19.6218659226004,6.78582135061557,5.56462717908916,-1.38308766425911,-0.606204747310242,2.25520201078644,2.34889599689638,2.93348139565541,3.10386608570085,2.06273878141142,4.47287666112192,
France,,,,,,,,,,,,,,,,0.376250370721361,0.446046155103668,0.247308815540287,0.380191935706651,0.328424907506493,0.448363084110706,0.751565033304558,0.495771749292673,0.311303785482659,0.406211094922031,0.412664503789333,0.712335360603942,1.00342197374579,1.44793347200497,1.93619019688913,2.79894576984675,1.92160168060756,2.27747547878784,1.58862380723719,1.78640433854391,1.00638353621241,1.93041544491422,2.49649725030336,3.11131056972858,8.61151765147987,13.1422141528043,6.49825610197222,3.48566014206845,2.97832700953925,2.76809862899072,5.32753988744678,4.93889096565669,6.47048752188715,5.64813511068376,3.92767391293938,3.29662447316177,
French Polynesia,,,,,,,,,,,,,,,,,,,,,,,,,,,,,,,,,,,,,,,,,,,,,,,,,,,,
Gabon,,,,,,,,,,,,,,,,,,,,0.221841288645742,0.186923637890156,0.183896110825637,0.132901513969294,0.168693235091192,0.094461586999268,0.121292102487144,0.193430146120987,0.234211337427981,0.2539171814825,0.191687725329768,0.483770042605288,0.275553320702386,0.459377368064596,0.056457603061465,,0.706530993439066,0.040373331951523,0.393458336969196,0.74050181772411,1.58436308354491,0.499836327587744,0.079688702545781,-0.466920747027725,-0.344945964724102,-0.345138571490022,0.870178503769658,,,,,,
Gambia,,,,,,,,,,,,,,,,,,,,,,,,,,,,,,,,,,,,,,,,,,,,,,,,,,,,
Georgia,,,,,,,,,,,,,,,,,,,,,,,,,,,,,,,,,,,,,,,,0.03571397523057,0.103484257095467,0.126119439586977,0.120517277716457,0.094265771414405,0.18671363116465,-1.39565363602223,-0.204397422974152,0.750466991647692,0.546789606050988,-0.009871659257172,0.050486289823792,
Germany,,,,,,,,,,,,0.4961565295379,0.62199808011414,0.509334471278382,0.492479468803315,0.4594046914191,0.518713271637667,0.414217951551928,0.549841220469894,0.588062460493729,0.51000944904544,0.581240941294852,0.401847519415611,0.492034849153348,0.664943248663881,0.816235323970504,1.03181163903732,0.697269130051584,1.07178644713181,1.12102960142598,1.42808626675942,1.2706412027634,0.907349323997775,0.853966011716965,0.881722785080239,1.54977858363511,2.08255535645745,1.98054680802593,4.12865976109512,5.09917202509876,3.16712457252613,2.08678889156834,0.978149250862242,0.212637889530813,0.73216662878921,2.78193453629684,4.10697603793988,5.1667872591188,2.2417325799168,2.36376010390343,3.30317537112637,
Ghana,,,,,,,,,,,,,,,,,,,,,,,,,,,,,,,,,,,,,,,,,,,,,,,,,0.030918161715913,0.026560386853082,,
Gibraltar,,,,,,,,,,,,,,,,,,,,,,,,,,,,,,,,,,,,,,,,,,,,,,,,,,,,
Greece,,,,,,,,,,,,,,,,,,,,,,,,,,,,,,,,,,,,,,,,0.407170429872585,1.68665082722353,0.470573022738303,0.457242366948606,0.194537359056048,0.451035714940483,0.614813310533559,1.612542683347,1.725754875208,0.813683485158401,0.651637120890955,0.322282744971262,
Greenland,,,,,,,,,,,,,,,,,,,,,,,,,,,,,,,,,,,,,,,,,,,,,,,,,,,,
Grenada,,,,,,,,,,,,,,,,,,,,,,,,,,,,,,,,,,,,,,,,,,,,,,,,,,,,
Guam,,,,,,,,,,,,,,,,,,,,,,,,,,,,,,,,,,,,,,,,,,,,,,,,,,,,
Guatemala,,,,,,,,,,,,,,,,,,,,,,,,,,,,,,,,,,,,,,,,,,,,,0.171915368664478,0.141118205507274,0.132313940238283,0.074458185185596,0.041904844501752,0.069792691519459,0.057057676111616,
Guinea,,,,,,,,,,,,,,,,,,,,,,,,,,,,,,,,,,,,,0.012923128187855,,,,,,,,,,,,1.68437323000535,,,
Guinea-Bissau,,,,,,,,,,,,,,,,,,,,,,,,,,,,,,,,,,,,,,,,,,-0.198766691401757,0.500999361396491,0.10861727884306,-1.43529645047281,0.121458453468173,0.087272420474314,0.030509922008579,-0.097567179112281,-0.011671281226271,,
Guyana,,,,,,,,,,,,,,,,,,,,,,,,,,,,,,,,,,,,,,,,,,,,,,,,,,,,
Haiti,,,,,,,,,,,,,,,,,,,,,,,,,,,,,,,,-0.391215342180704,,,,,,,,,,,,,,,,,,,,
Honduras,,,,,,,,,,,,,,,,,,,,,,,,,,,,,,,,,,,,,,,,,0.091477901713778,0.037005213162694,0.083585826388271,0.148164964317906,-0.070118057218726,-0.010750970287773,0.005495713710145,0.011810717994352,-0.007015549412315,0.00483231712399,-0.008996373779248,
"Hong Kong, China",,,,,,,,,,,,,,,,,,,,,,,,,,,,,,,,,,,,,,,10.1760259413164,11.8621953988811,35.0945092545487,6.80995001167803,10.6624001559973,3.46344761135447,27.5578228986939,15.3010507226702,23.6813638270876,29.5135667208877,23.471200725687,30.577810100002,42.5086762936928,
Hungary,,,,,,,,,,,,,,,,,,,,,,,,,,,,,,,,,0.000409089452946,0.027184159649122,0.115662788022646,0.129945155194392,-0.00832547619771,0.964662253965356,0.579247632228572,0.512937583013658,1.26902060305849,0.690924272917718,0.425021587938738,1.9883861214138,1.09455001017479,2.02135558007343,16.5289077105342,49.7263843589226,45.869578726263,2.97480081037941,-35.5600741244316,
Iceland,,,,,,,,,,,,,,,,,,,,,,,,,,,0.053428067372106,0.012871107396232,0.018284061154316,0.146729025136162,0.183142038815091,0.421000906628401,0.092646658918423,0.23740001598934,0.364899216877554,0.354741176096871,0.867997661189361,0.761999808304105,0.907145802989544,1.42428259312413,4.30635359991913,4.19272494077985,3.84329658881928,3.50216534973811,19.5261451971419,43.6815412777812,33.3614264377216,50.0625367298404,-22.4942742082959,18.7586556839109,-19.7284364753586,
India,,,,,,,,,,,,,,,,,,,,,,,,,,,,,,,,,,0.000127026484523,0.025527584047769,0.032890657016897,0.06162700118624,0.027479878921288,0.011433693271112,0.01761634853206,0.110724222118305,0.292558156923603,0.330870811281164,0.313382859830726,0.301994162082996,0.357031793196782,1.50773342658616,1.39090935643858,1.58360535158571,1.15642775054932,0.761446159479428,
Indonesia,,,,,,,,,,,,,,,,,,,,,,,,,,,,,,,,,,0.225306687825779,0.344277575939504,0.298319861288342,0.263887437774457,0.082503334857319,,,,,,,1.32691222387979,1.07217088291789,0.747661364271127,1.08166796687898,1.15625541970881,0.41700172546523,0.377074030459287,
Iran,,,,,,,,,,,,,,,,,,,,,,,,,,,,,,,,,,,,,,,,,,,,,,,,,,,,
Iraq,,,,,,,,,,,,,,,,,,,,,,,,,,,,,,,,,,,,,,,,,,,,,,0.283233074621771,0.676573893668949,0.013862101423884,0.03883043258109,,,
Ireland,,,,,,,,,,,,,,,,,,,,,,,,,,,,,,,0.763005010606763,0.403817528522529,0.39703276928852,0.432471715056547,0.790789725636724,1.22308170151836,0.98208966505353,1.24234661770594,5.62327989265938,6.32799493352141,4.75833269102284,3.88145722606214,8.95230046480536,3.51530038389181,9.68587660385348,7.1283631047714,6.83770101524756,7.91158798574914,7.04212562958704,12.0288292940058,8.76427625359733,
Isle of Man,,,,,,,,,,,,,,,,,,,,,,,,,,,,,,,,,,,,,,,,,,,,,,,,,,,,
Israel,-0.034637049948795,0.028678321187637,,,,0.109189807321263,0.175878808149597,0.153018855524455,0.075773760119082,-0.065674067673888,0.167525978934765,0.071773231449674,,,,-0.016211414010251,0.048092538824035,0.043553161053628,0.051399369803127,0.005710586799976,-0.01377349211939,0.489732575375742,0.770773692470561,0.365220219393963,0.092540089471924,0.39755149800033,0.427588634471646,0.471581848300448,0.335364963792181,0.245292729373139,0.379879525488752,0.559402380480475,0.881084512794484,0.933476773227007,0.993173696124805,0.8537985105562,0.773558518948314,0.851278841374353,1.02314584750228,0.748438685430649,2.67360386324316,0.558511759250314,0.867885816741997,1.75410643951985,3.57394779335456,2.19438990871369,10.601629366777,5.15223684348625,3.56726783793474,0.867283266891307,3.66254119149847,
Italy,,,,,,,,,,,0.104562944576338,0.338181422361831,0.157732816211224,0.163413014413212,0.105777586909085,0.15633746547277,0.073513796690998,0.225601190635636,0.052692998469947,0.141930902907455,0.160933209757403,0.335380266997982,0.23538173930681,0.473767645400112,0.445981214774414,0.398423582752962,0.39801951776802,0.269723905750444,0.547481675386582,0.241368204216304,0.652360694374387,0.630337396755299,0.326100501617421,0.71425278383416,0.494642704696569,0.620586719188789,0.686803559390736,0.868786829962509,1.01317042278495,0.556430167922997,1.09396387934813,1.9363041160622,1.40769727532765,0.593351581459639,1.10906531821471,2.28299494935315,2.26791450698219,4.33055311758615,3.01304168499614,0.931621816597658,1.58185167861256,
Jamaica,,,,,,,,,,,,,,,,,,,,,,,,,,,,,,,,,,,1.06720505798369,1.14045445147733,1.42938062130524,0.757440691397235,0.937983998607612,1.07463455813124,0.824764722624065,0.977536869419797,0.763674796311974,1.23737320473565,0.5915923948802,0.905799521807922,0.712362466289941,0.891835696522921,0.532471771956157,0.486017197572457,0.408523534062251,
Japan,,,,,,,,,,,,,,,,,,0.236062191957716,0.241324965658181,0.2837045324351,0.22315656936065,0.413924568369491,0.412573331932316,0.300786623999371,0.467244679344725,0.475890834199538,0.726079644133358,0.82898313829271,1.19366854028662,1.5482343982095,1.65128816291828,0.907382313702925,0.458107604450112,0.318017205580847,0.378512736623119,0.427543599276636,0.505046691995315,0.61144543892148,0.63843469694751,0.509679407033492,0.675610361864649,0.939996493465766,0.81711541296702,0.680196899203887,0.672128894139683,0.998155116131383,1.15002338945121,1.67859281089167,2.68077334370824,1.48269363499126,1.04825112061742,
Jordan,,,,,,,,,,,,,0.213068031901524,0.580458150078656,0.285196044025787,0.458821310150179,0.164413426936638,,,,0.07722264765857,-0.157060771736944,0.070591500643574,0.095042127777363,0.051998930579673,-0.014616448655736,0.063859980719007,0.017767851893966,-0.001830582594576,0.404634295529376,-0.783110175738944,0.326234532081291,-0.064004388245547,-0.946070020791719,-0.371004990469312,-0.405755981849494,-0.624961829714188,,,0.055368661053942,0.101651417723244,0.351807051080589,0.144218993796068,-0.035960232377353,0.159442797648534,1.29630570110525,-0.882567516357665,0.270728556635827,0.056475303437755,0.288511827665597,0.10318119600385,
Kazakhstan,,,,,,,,,,,,,,,,,,,,,,,,,,,,,,,,,,,,0.001472442715751,,0.006315998785989,0.036593224284553,0.021338622612293,0.023851258678405,-0.115608357297933,1.73071379394265,-0.393513909162558,-2.96383864542332,-0.255341044391325,-0.474900204331094,3.00718041367823,0.902155912612593,2.73914749582938,5.24586725386178,
Kenya,,,,,,,,,,,,,,,,0.041781547012662,0.123830415832661,0.059142958727205,0.043908203128566,0.094412507318949,0.014839551844995,0.08546183205573,0.149470530994796,0.242485769165172,0.110933760013219,0.088283401642795,0.068108001319544,0.385800899588388,0.026300921112208,0.016454144794211,,,,,,0.125522044949485,0.022905643987539,0.045389462895999,0.086029966626914,0.190463342502811,,,0.056397569439664,0.01392487199701,0.027435841364419,0.051698599657419,0.106467813174527,0.132294671485831,0.143407006436706,0.150383457206717,0.004900513922877,
Kiribati,,,,,,,,,,,,,,,,,,,,,,,,,,,,,,,,,,,0.049435306565898,,,,,,,,,,,,,,,,,
"Korea, Dem. Rep.",,,,,,,,,,,,,,,,,,,,,,,,,,,,,,,,,,,,,,,,,,,,,,,,,,,,
"Korea, Rep.",,,,,,,,,,,,,,,,,0.020301303785522,0.055370635694557,0.054767504829336,0.028980300580804,0.040887076433466,0.066462154349358,0.19850902343077,0.153708524064546,0.055894691865155,0.611676292601453,1.10219096262064,0.367771023858067,0.34297784139186,0.259379457007434,0.398670109078755,0.483021497074212,0.352091473307099,0.37002698885871,0.581223731526754,0.686883672230584,0.837470373146106,0.861814256696939,1.22461003902477,0.852179150276978,0.840201387185115,0.435149002203203,0.525099530087827,0.642364336994633,0.782686103771384,0.753530450183192,1.17408188468521,1.87942473546507,2.1742701371852,2.06184098145717,1.8955070710061,
Kosovo,,,,,,,,,,,,,,,,,,,,,,,,,,,,,,,,,,,,,,,,,,,,,,,,,,,,
Kuwait,,,,,,,,,,,,,,,,0.774303656609331,0.833397289451833,0.370251502838941,0.609713739895713,-0.760255930056142,1.42100276963411,-0.601218862817876,0.499010044522203,1.15066603039273,0.435826955898056,0.325584152289442,1.38386916626307,3.46523940508674,2.303746438285,4.08796934753614,1.29806976498685,-1.69340738272571,6.09653610567235,2.72610164193408,-6.11378071799888,-3.75833431647197,5.52535693905464,-3.19330283655048,-7.19593095653468,0.076342201914214,-0.803798788464234,-5.48486186250278,-0.201019326445265,-10.3598717031334,4.34260910807687,6.36375196032722,8.08431927201776,8.52861052009078,6.10995735153974,7.88893523081905,,
Kyrgyzstan,,,,,,,,,,,,,,,,,,,,,,,,,,,,,,,,,,,,,,,1.37440886060318,0.485073829646717,0.328541025848933,0.399970231432543,,,1.98650566211308,,,-0.004811592797628,-0.002489111882895,-0.005697192357331,-0.00053724251499,
Laos,,,,,,,,,,,,,,,,,,,,,,,,,,,,,,,,,,,,,,,,,,,,,,,,,,,,
Latvia,,,,,,,,,,,,,,,,,,,,,,,,,,,,,,,,,0.043606151893124,-0.100738872487619,-1.27691869129252,-1.24101370483364,0.053515547283898,0.099180951219512,0.816085013707756,0.233243368587696,0.154473309090174,0.212918300796336,0.035427552282999,0.446969220579848,0.795694122258339,0.799160174851806,0.866815138309032,1.2883405129987,0.788253590632998,-0.21912381872528,0.083299734177349,
Lebanon,,,,,,,,,,,,,,,,,,,,,,,,,,,,,,,,,,,,,,,,,,,0.00109647755611,3.04214246903386,3.79572442855512,3.27299269458352,3.89800121208538,3.38468131999047,3.27989712206417,3.22342681914703,1.24762299864216,
Lesotho,,,,,,,,,,,,,,,,,,,,,,,,,,,,,0.013814073577109,,,,,,,,,,,,,,0.007501767799712,0.000135828408826,0.074062879664396,-0.064844000448063,0.233278372180882,-0.119011601920203,-0.11171220554447,-0.110342417166507,-0.104071620580201,
Liberia,,,,,,,,,,,,,,,,,,,,,,,,,,,,,,,,,,,,,,,,,,,,,,,,,,,,
Libya,,,,,,,,,,,,,,,,,,,,,,,,,,,,,,,0.364071391518247,0.543353236546197,-0.444397302955389,-1.56343651005275,0.09029792888655,0.268726633983308,0.187192217136774,0.760477582023548,0.938619250824736,0.741212619603976,0.289114535034415,0.61575657129565,-0.685396825396825,0.261818181818182,0.85668202764977,0.290909090909091,0.839170124481328,5.47718721461187,6.32000133333333,1.86817135549872,,
Liechtenstein,,,,,,,,,,,,,,,,,,,,,,,,,,,,,,,,,,,,,,,,,,,,,,,,,,,,
Lithuania,,,,,,,,,,,,,,,,,,,,,,,,,,,,,,,,,,,,0.012682014115138,0.001483397811692,0.265606642510885,0.037319898169992,0.078568091966595,0.032359063161393,0.058391879416657,0.124772318071796,0.199880036940853,1.16465473443301,1.32112222672235,0.962316842496984,1.55582540031835,0.752430890815612,0.544644256495005,0.226600941711423,
Luxembourg,,,,,,,,,,,,,,,,,,,,,,,,,,,,,,,,,,,,,,,,,,,\570.397571147872,\344.526427595892,\250.239114128583,\327.599792329646,\271.575327302107,\524.692361779471,\224.777099002781,\441.862953720188,\347.120614076399,
"Macao, China",,,,,,,,,,,,,,,,,,,,,,,,,,,,,,,,,,,,,,,,,,,0.988321243687404,-0.028844765256895,-0.7906732071421,0.511909894678964,3.52744610384174,0.017828958227593,-0.445213567128987,-3.32533639457758,-1.78622983980621,
"Macedonia, FYR",,,,,,,,,,,,,,,,,,,,,,,,,,,,,,,,,,,,,,,0.000282802515403,0.008245310096118,-0.016806286510966,0.025376834428636,0.002756358339741,0.006243758663675,0.021034907010519,0.046248569780036,0.002949455174214,-0.012967258728619,-0.137766459866749,0.124139083272151,0.020659012745188,
Madagascar,,,,,,,,,,,,,,,,,,,,,,,,,,,,,,,,,,,,,,,,,,,,,,,,,,,,
Malawi,,,,,,,,,,,,,,,,,,,,,,,,,,,,,,,,,,,,,,,,,,,,0.054148270396179,0.064885035670954,0.052070307381416,0.046040686046003,0.041506637403323,-0.472044675241305,-0.406752707397542,,
Malaysia,,,,,,,,,,,,,,,,,,,,,,,,,,,,,,,,,,,,,,,,1.79709002871581,2.1602071823592,0.28759512052618,1.88876682158486,1.24268988392169,1.65236431753746,2.15459705740449,3.8460572742985,6.0683921091991,6.8255005827209,4.15398620030029,5.68257595901321,
Maldives,,,,,,,,,,,,,,,,,,,,,,,,,,,,,,,,,,,,,,,,,,,,,,,,,,,,
Mali,,,,,,,,,,,,,,,,0.073020272179834,0.810945208952715,0.763788734897536,0.72487128420207,-0.191524576068439,,,,,,,,,,,,,,,,,0.059336929993895,-0.274107534291717,-0.000587464259505,0.032225266978045,0.165648068240747,0.656586905517288,0.047083503761376,0.032617448047454,0.016039094315461,-0.689861755581595,-0.58823272227491,-0.163971903688069,-0.549328590257273,-0.34469622053864,,
Malta,,,,,,,,,,,,,,,,,,,,,,,,,,,,,,,,,,0.033407477952768,-0.034327627682617,0.032579947095536,1.98581377332838,0.935562183035191,0.54633943791979,1.51103249856887,0.538812978312665,0.24646261088948,-0.685937588681827,11.5166519290787,0.13061971558757,-0.407870310358623,0.469339150800757,0.210495541420199,3.57032334750549,1.64464175724247,1.0562286493653,
Marshall Islands,,,,,,,,,,,,,,,,,,,,,,,,,,,,,,,,,,,,,,,,,,,,,,,,,,,,
Mauritania,,,,,,,,,,,,,,,,,,,,,,,,,,,0.169136734808589,0.0267793278569,0.098538536084301,,,,,,,,,,,,,,,,,,,,,,,
Mauritius,,,,,,,,,,,,,,,,,-0.063508700894151,-0.091493608050375,-0.015912694631197,-0.208547943459745,,,,,,,,,0.006943600251161,0.02693498788899,0.022819472616633,0.380169380780053,1.34316672885994,1.01750374337882,0.029731370278785,0.089683970996124,0.060479685955423,0.075985553204775,0.328863507551941,0.149893658363421,0.28263599175884,0.063219963100592,0.182446390913314,-0.107269656723605,0.49777740334879,0.747388220667654,0.147387978656572,0.764554876457847,0.543783552605399,0.428754265739264,1.330702114712,
Mayotte,,,,,,,,,,,,,,,,,,,,,,,,,,,,,,,,,,,,,,,,,,,,,,,,,,,,
Mexico,,,,,,,,,,,,,,,,,,,,,,,,,,,,,,,,,,,,,,,,,,0.707926237507923,0.137240567184487,0.178983264587819,0.583316373719188,0.762590868209128,0.604706766363169,0.796998220506653,0.105725010155182,0.79547767295715,1.31001493507925,
"Micronesia, Fed. Sts.",,,,,,,,,,,,,,,,,,,,,,,,,,,,,,,,,,,,,,,,,,,,,,,,,,,,
Moldova,,,,,,,,,,,,,,,,,,,,,,,,,,,,,,,,,,,,0.029663513411374,0.033035804932945,0.023315199088425,-0.045135789007394,0.005124766507142,0.006209154325206,0.008104510995461,0.027078774835344,0.005553027095413,0.123930451938399,-0.005354443361098,-0.027285095999682,0.394321773611096,0.265574152700796,0.12427750455072,0.060425600913026,
Monaco,,,,,,,,,,,,,,,,,,,,,,,,,,,,,,,,,,,,,,,,,,,,,,,,,,,,
Mongolia,,,,,,,,,,,,,,,,,,,,,,,,,,,,,,,,,,,,,,,,,,,,,,,,0.301088988147024,0.111013409020171,1.17381016096022,0.752038823524507,
Montenegro,,,,,,,,,,,,,,,,,,,,,,,,,,,,,,,,,,,,,,,,,,,,,,,,,,,,
Morocco,,,,,,,,,,,,,,,,,,,,,,,,,,,,,,,,0.081696514777166,0.114034969714799,0.086270784890993,0.078764387286373,0.04437190655454,0.082670788920635,0.025758148357237,0.050990543655178,0.045434823899532,0.158071002694068,0.257269531182395,0.070092855753909,0.025316763368903,0.05429882257522,0.124513453366165,0.68691511534713,0.840104435103495,0.355444120315369,0.526930041821703,0.6387105260913,
Mozambique,,,,,,,,,,,,,,,,,,,,,,,,,,,,,,,,,,,,,,,,,,,,,,,0.005707337458036,-0.003900588204518,0.000446667341125,0.028956898305824,-0.008082856394818,
Myanmar,,,,,,,,,,,,,,,,,,,,,,,,,,,,,,,,,,,,,,,,,,,,,,,,,,,,
Namibia,,,,,,,,,,,,,,,,,,,,,,,,,,,,,,,0.057556326680784,0.25573961057832,-0.055603604806969,0.304235687040491,-0.187927582600671,-0.100739807964741,-0.620877998714611,0.017909379840103,-0.063867154389399,-0.021850607698693,0.043503282310332,-0.352933875460362,,-0.233561180037073,-0.343779483181331,-0.168723945067513,-0.157808280355609,0.031050789417803,0.069510710916128,-0.032437524961493,0.036255063419798,
Nepal,,,,,,,,,,,,,,,,,,,,,,,,,,,,,,,,,,,,,,,,,,,,,,,,,,,0.000104960284501,
Netherlands,,,,,,,,4.13028510727672,3.90666378959975,4.11157078275783,3.72495110427903,3.1944666542752,3.23718878842541,3.16243179869585,3.522249283422,2.70181358344034,2.31287534342118,2.55712608298851,2.32965291218124,3.77462572305948,3.27377016329684,2.97727769583222,2.22266782208912,2.69836037442276,3.63400607918198,2.02975027984119,2.20005162680369,3.81429964815416,2.93353285363596,6.20931899150078,4.65222710427249,4.23082552297825,3.79993532335579,3.039470075401,5.00621114730367,4.81842663301321,7.64075339247026,6.33818330459825,9.17377478773049,13.8900332267614,19.3495640565405,12.6703631074115,7.25382616344809,8.29272401661008,4.73023567269838,20.3494063924596,9.4561127891059,6.86656609379077,7.75845525580633,3.26156467700248,6.32148545543111,
New Caledonia,,,,,,,,,,,,,,,,,,,,,,,,,,,,,,,,,,,,,,,,,,,,,,,,,,,,
New Zealand,,,,,,,,,,,,,0.037846493274179,0.150006407389049,0.152149874923027,0.170294519145292,0.266610454052545,0.21030004780888,0.306584895011747,0.365485925192083,0.468481040757004,0.432026641869668,0.293256661170388,0.312646739461242,1.9855156053488,1.27911796753588,1.97493984160429,1.10174559563021,0.844532256584272,4.40875384956186,3.58271534150975,1.64877872114302,-2.38721466378131,2.32106951568674,3.10569919279682,-0.764864750633694,-2.27440728244121,-0.12162435324964,1.62192043685954,1.32247722450488,1.43283587233427,-2.03810653009376,0.583118442855585,1.05685911340668,-0.430902351763132,-1.35556269464719,0.143849926625347,2.6332291780173,0.767427533370636,-1.1041783164484,,
Nicaragua,,,,,,,,,,,,,,,,,,,,,,,,,,,,,,,,,,,,,,,,,,,,,,,,,,,,
Niger,,,,,,,,,,,,,,,0.030364780898577,0.602005065783986,-0.132485461563548,-0.283340676942454,-0.380871490423803,0.53176982406112,-0.168867484847337,-0.027462133929034,0.162744480017072,0.098093169160247,0.018010894193295,0.134888166093235,1.54488518692021,0.455816450406088,0.20524061139393,0.071623468004509,0.000740299910285,0.11222044219316,1.73690750475735,0.358081922724259,-0.115565332316717,0.380060853721987,0.375570212989782,0.087911569055013,0.007835592123713,-0.011830050034764,-0.034520642991266,-0.186255638800544,-0.079190903873095,0.000125984183933,0.428447413088417,0.271978101282052,-0.026862533718363,0.187715885378282,0.453865997106901,1.70077208633382,,
Nigeria,,,,,,,,,,,,,,,,,,,,0.010509598050334,,,,,,,,,,,,,,,,,,,,,,,,,,0.013038153820314,0.21978061165681,0.522857930221449,0.507725566096337,0.904764707907532,0.451927845350922,
Northern Mariana Islands,,,,,,,,,,,,,,,,,,,,,,,,,,,,,,,,,,,,,,,,,,,,,,,,,,,,
Norway,,,,,,,,,,,,,,,,0.526682428979316,0.541687320919792,0.304580891627583,0.142862087830211,0.083080646409525,0.397437868007808,0.275435016594622,0.49396102973383,0.584810098817755,0.983226049022996,2.02950760499875,2.07226684999044,0.944647267863533,0.977764923518144,1.34772080732098,1.25016736737453,1.48925236152169,-0.093689550143488,0.607895885282237,1.73926636795428,1.91997775068266,3.67486048582524,3.16223718900732,2.11702291822439,3.65133096992037,5.60501865762434,0.493833999804083,2.80583081238177,2.69132621291314,2.01912018001136,7.176341114825,6.12890132525276,3.27716497350274,5.22326004573642,8.04123386461592,2.93459391212228,
Oman,,,,,,,,,,,,,,,,,,,,,,,,,,,,,,,,,,,,,,,,,,,0.012971850978584,0.410479291632587,0.168651837999626,0.755701416108098,0.746237009036548,-0.08875923210681,0.964874605757046,0.15649278453208,,
Pakistan,,,,,,,,,,,,,,,,,,,,,,,,,-0.015037354853615,-0.025256204821606,-0.002036590343867,0.057649404034568,0.033118241166172,0.107248976075386,0.004869438211593,-0.008222427916142,-0.02380968359034,-0.00418323656132,0.001862679910809,0.000676912711218,0.010716050600915,-0.038944689935625,0.080396249555581,0.033347172029204,0.014874437777681,0.042871126991242,0.03872387120131,0.022824248181985,0.057155824401037,0.04014598540146,0.085490196078431,0.06844952887223,0.029897793716927,0.043876174149182,0.026573254004028,
Palau,,,,,,,,,,,,,,,,,,,,,,,,,,,,,,,,,,,,,,,,,,,,,,,,,,,,
Panama,,,,,,,,,,,,,,,,,,,,,,,,,,,,,,,,,,,,,,,,,,,,,,,,,,,,
Papua New Guinea,,,,,,,,,,,,,,,,,-0.12463902484871,0.108053029617521,0.24961862263285,0.140723742384091,0.618075165848843,0.024711873273846,0.074870525482631,0.04386572818999,0.088979478778722,0.037879720724733,-0.329021482705567,-0.707149972195582,0.925474134458362,-0.503842274068986,0.00083234413167,,,,,,,,,,,,,0.231709152879306,0.015803675579654,0.134171077272771,0.019282749035714,0.122012671483171,0.001387045429565,0.055948311032389,0.002327472320998,
Paraguay,,,,,,,,,,,,,,,,,1.47148814963337,,0.195323393464687,,,,,,,,,,,,,,,,,0.06322984287838,0.059466570256366,0.064246376781847,0.0707505434061,0.076796084376597,0.080607914468333,0.08998156292239,0.109007041590533,0.09906975872231,0.08633391056731,0.085638995327968,0.073313703818917,0.058908449304341,0.023706295204118,0.050563213701549,0.039277218260525,
Peru,,,,,,,,,,,,,,,,,,,,,,,,,,,,,,,,,,,,0.014904771722306,-0.030442353060753,0.143525612087906,0.10932128724672,0.248497776550943,,0.137941875002749,,0.097804731766334,,,,0.061153552477278,0.580179573727664,0.313681225515061,0.136944849930252,
Philippines,,,,,,,,,,,,,,,,,,,,,,,,,,,,,,,,,,0.687902323319743,0.471252481397961,0.538317201149241,0.219678897445604,0.16516003791145,0.221585095913549,0.160250336374893,0.1542709073539,-0.183577669780576,0.079894138751446,0.361108901567771,0.633678627318088,0.183377690603915,0.084280659368936,2.36743565465788,0.149191371236748,0.213267064411928,0.244000875941128,
Poland,,,,,,,,,,,,,,,,,,,,,,,,,,0.001408356311275,0.029773797575851,0.012523990338906,0.031965627921576,0.021894763887703,,-0.008368182507419,0.014085265532925,0.019156229933529,0.026751488581448,0.030202406723168,0.033826023350283,0.028634363242282,0.18276297965392,0.018474181598587,0.00934164094049,-0.047263726903756,0.116056447244422,0.14068208018445,0.377815319651545,1.11611164830337,2.68329133770616,1.3316984848781,0.871362769634132,1.05956948441452,1.17799898541857,
Portugal,,,,,,,,,,,,,,,,0.042398027443822,0.025571376038332,0.012508371932147,0.026227847460214,-0.030656599674875,0.042156206903746,0.052142334647415,0.0281994031556,0.067854319513944,0.035661663369083,0.081028403693209,-0.000668033657897,-0.021429618650414,0.143463882833934,0.140981416539383,0.209916275344977,0.526323047805083,0.647562492336775,0.157147113928456,0.291633364575885,0.590518677718573,0.599907128140929,1.79357222142712,3.28751009397468,2.40597801048998,6.9765761520259,5.17593326763628,-0.158975711060234,4.0605015072781,3.97893265477812,1.17405075313077,3.55549697848678,2.35821468592182,1.10128011658609,0.327380766894441,-3.57165893933193,
Puerto Rico,,,,,,,,,,,,,,,,,,,,,,,,,,,,,,,,,,,,,,,,,,,,,,,,,,,,
Qatar,,,,,,,,,,,,,,,,,,,,,,,,,,,,,,,,,,,,,,,,,,,,,,,,,,,,
Romania,,,,,,,,,,,,,,,,,,,,,,,,,,,,,,,0.046998485927156,0.010399745860159,0.015942413568228,0.026554216441229,,0.005637446414615,,-0.025505946958311,-0.021369807475596,0.044953496486481,-0.029687496141103,-0.042308821125704,0.034915797377248,0.065538127392234,0.092728201009613,-0.030450881571508,0.344434771101776,0.16422253528975,0.138450806514022,-0.054620957726823,-0.013611868234561,
Russia,,,,,,,,,,,,,,,,,,,,,,,,,,,,,,,,,,,0.071123655272117,0.152959904874687,0.235371368034665,0.786581967705443,0.468624245512625,1.12687851219108,1.2232079603318,0.826013148262445,1.02362861389327,2.26029466434288,2.33191833934086,1.67113348696385,2.33864914872811,3.53277039639819,3.34730209332995,3.57326833511292,3.54925920354174,
Rwanda,,,,,,,,,,,,,,,,,,,,,,,,,,,,,,,,,,,,,,,,,,,,,,,-0.460914845938124,-0.346052525372033,,,,
Saint Kitts and Nevis,,,,,,,,,,,,,,,,,,,,,,,,,,,,,,,,,,,,,,,,,,0.030126216356502,,,,,,,,,,
Saint Lucia,,,,,,,,,,,,,,,,,,,,,,,,,,,,,,,,,,,,,,,,,,,,,,,,,,,,
Saint Martin,,,,,,,,,,,,,,,,,,,,,,,,,,,,,,,,,,,,,,,,,,,,,,,,,,,,
Saint Vincent and the Grenadines,,,,,,,,,,,,,,,,,,,,,,,,,,,,,,,,,,,,,,,,,,,,,,,,,,,,
Samoa,,,,,,,,,,,,,,,,,,,,,,,,,,,,,,,,,,,,,,,,,,,,,0.113921616177097,0.496115846816059,,,,,,
San Marino,,,,,,,,,,,,,,,,,,,,,,,,,,,,,,,,,,,,,,,,,,,,,,,,,,,,
Sao Tome and Principe,,,,,,,,,,,,,,,,,,,,,,,,,,,,,,,,,,,,,,,,,,,,,,12.787215294831,4.94256293455849,4.35328038690117,0.110692054157684,0.158233887852931,0.054474232804145,
Saudi Arabia,,,,,,,,,,,,,,,,,,,,,,,,,,,,,,,,,,,,,,,,,,,,,,-0.110950929433996,-0.010837979875425,-0.035021687892428,0.734057267531211,0.584245625007156,0.898816440265572,
Senegal,,,,,,,,,,,,,,,0.195409370873258,-0.30678954240239,-0.016615324866769,0.124524391707134,0.018812939418399,0.122379486935743,0.044584322836482,0.464532558819785,0.577402876391416,-0.057702750980194,0.068516732466453,0.105198651965518,-0.110958100051414,-0.036966138631269,0.276129606134354,0.174822927624644,-0.167044838506786,-0.340770596429008,0.855010210287075,0.005596853671252,0.448747932750581,-0.068160136594894,0.03870436864948,-0.01873816631161,0.203745925943219,0.214640966948968,0.01383038717505,-0.144316784351428,0.637743261904144,0.038762213071321,0.162678270799988,-0.088882511001621,0.105567021749559,0.218241632211876,0.94323501901733,0.603977261796258,,
Serbia,,,,,,,,,,,,,,,,,,,,,,,,,,,,,,,,,,,,,,,,,,,,,,,,2.45846411844249,0.590253849091898,0.136612263151275,0.490255163991491,
Seychelles,,,,,,,,,,,,,,,,,4.10284279603246,3.5091262591504,3.12657739458288,2.46141003635181,2.58777944297175,4.6961181593169,3.34081433896868,2.21119272064589,2.58844568812348,6.2535621025872,2.77892643067819,2.16204512237956,1.5097546230818,0.29876048989237,0.305413815595995,0.302662788521486,0.270278094339766,0.211760736878435,2.73733033056096,3.3385670605735,2.47980161587073,1.75643200452361,0.493549495517446,1.44217678850888,1.70779110766614,1.37204434311029,1.25182597520387,1.15445816953668,1.08602457845099,0.842707261880272,0.827395411234606,1.74876638304159,1.40482474870287,0.677250260893474,0.656757786905914,
Sierra Leone,,,,,,,,,,,,,,,,,,,,,,,,,,,,,,,,,,,,,,,,,,,,,,-0.609115096635386,,,,,,
Singapore,,,,,,,,,,,,,0.745125325319903,0.705084775384334,0.574227239666061,0.674002453564993,0.710709140442826,1.29020097912627,1.51228984268805,1.80416864103573,0.822931426011463,-0.103828687772,1.89925360406147,0.277931448387788,0.470450269660031,1.24823067076078,0.978504127859664,0.988635618471952,0.465448978637509,2.89861360811402,5.63484727103736,1.22098272257925,2.68532231866283,3.58743705757663,6.6113232175581,8.40122520036946,8.39690207085347,10.4279545887702,2.2593299467795,9.30918326505653,6.16682386429931,21.9035020118195,2.57089335167236,2.88641182708729,9.88000110914946,9.08313171913626,13.558072724463,19.4425669907526,-0.144264964778158,9.79630650768934,9.45537717656325,
Slovak Republic,,,,,,,,,,,,,,,,,,,,,,,,,,,,,,,,,,0.375554634978658,0.070346562992497,0.039942971479658,0.174667677597545,0.352392078293053,0.494833863508841,-1.25582619526379,0.074880402055904,,0.009410216081269,0.051442119585901,-0.02339753113946,0.235891511681015,0.53362179559548,0.47951991178309,0.255913564023272,0.469572277399799,0.365569536829479,
Slovenia,,,,,,,,,,,,,,,,,,,,,,,,,,,,,,,,,-0.014374084929497,0.010257997160653,-0.089673594624977,-0.047753519690809,0.034042700990309,0.151320469005565,-0.025290419642327,0.213808494624873,0.326835532782541,0.647350957067173,0.653517017181326,1.63213098160326,1.62510806127376,1.76075000802293,2.32456124053461,3.80496191997056,2.70660539242582,0.496252588085513,-0.155946413335287,
Solomon Islands,,,,,,,,,,,,,,,,,,,,,,,,,,,,,,,,,,,,,,,,,0.01354891157077,0.182123109767531,0.328390233978784,0.008031511511512,0.003735468015387,0.380782189990179,1.03827791497086,2.07853386420339,0.58439101564962,0.496215944175283,0.337666536123551,
Somalia,,,,,,,,,,,,,,,,,,,,,,,,,,,,,,,,,,,,,,,,,,,,,,,,,,,,
South Africa,,,,,,,,,,,,,,,,,,,,,,,,,,0.070611958624765,0.089281616967581,0.107789303143665,0.056325131208798,0.130255184874937,0.024973878178827,0.171709074609567,1.48569640242148,0.223850402412322,0.928358908868768,1.65036267028912,0.729117007507813,1.56141306677923,1.21672323459034,1.18947325876249,0.20859687191863,-2.96654542397907,-0.362069688737787,0.328466248863026,0.595831315188226,0.368107113785721,2.27150828171078,1.04208041022089,-0.76997700016495,0.463759166672766,-0.044322235795639,
Spain,,,,,,,,,,,,,,,,0.152494410052413,0.16744105195812,0.089806003349698,0.065255916305908,0.063747314368751,0.137508212531268,0.137717566351444,0.268570759945702,0.146497468425632,0.148648538683308,0.142535202361092,0.154734395366028,0.240829255875648,0.338061216265372,0.365872527625875,0.676093333498357,0.792665846091904,0.357755804444544,0.625316842771974,0.786293888769019,0.790582103730757,1.13470831232837,2.49844579258117,3.39046019531237,7.12964278324611,9.88696768503632,5.39958363809501,4.90399006659528,3.25446359343705,5.88949612712824,3.70935942048754,8.38078682633706,9.67755762052164,4.64088566112084,0.600159390400718,1.46061061540684,
Sri Lanka,,,,,,,,,,,,,,,,,,,,,,,,,,0.022803640787838,0.008356430702186,0.019998486779644,0.030076921686648,0.029194527891604,0.010238698408046,0.050259402011841,0.016751546501211,0.066718061365791,0.070449626361204,,,,,,,,0.066948791500437,0.144636898974358,0.028021743403731,0.157339706504695,0.103652932609199,0.170009232433786,0.151540271654073,0.047542113278784,0.086172534562015,
Sudan,,,,,,,,,,,,,,,,,,,,,,,,,,,,,,,,,,,,,,,,,,,,,,,,,0.153725378647341,,,
Suriname,,,,,,,,,,,,,,,,,,,,,,,,,,,,,,,,,,,,,,,,,,,,,,,,,,,,
Swaziland,,,,,,,,,,,,,,,,,,,,,1.65658494700022,0.931676551863625,-0.529064881016337,-0.016135696262645,0.975414361382513,0.746940507975142,0.50303152774957,1.14295059021667,1.76354672831881,2.23779141496373,0.68288580348176,2.16057843889434,2.57977864016325,2.04442056657785,4.55521425757675,1.21216082747244,-0.399475697243303,-0.697651968400444,1.51675002407991,0.855200417050038,1.12002166458004,-1.3116299361118,-0.046381364592426,0.882412403816941,-0.059770791230718,-0.852504107588389,-0.020848111411682,0.758548567763407,-0.262964925642363,0.237868825765153,0.105648110524177,
Sweden,,,,,,,,,,,0.601989784089534,0.454478424195484,0.58148454018192,0.530840067525392,0.701227428255142,0.563932866645582,0.717882738720259,0.839728626171128,0.428010747797701,0.5385545709383,0.472913585046162,0.684763068121567,1.14026780859095,1.49248960911475,1.47437270492824,1.69789877327909,2.81610212113891,2.78712644196141,3.85564181915783,5.03855380155254,5.98531692706344,2.81744681029515,0.15682634706074,0.727882505330876,3.07312591518078,4.49339542574959,1.84908033653828,4.78656094833685,9.56553759851301,8.53512985676877,16.7015560317381,3.4362557662343,4.25309478098279,6.76192535010134,6.19882931600197,7.5937971057961,6.5635624744302,8.16177416021666,6.58473740188423,6.58287891810045,7.00784348278396,
Switzerland,,,,,,,,,,,,,,,,,,,,,,,,0.478932548324904,1.16126884957745,4.59694296796725,1.02408722055928,0.71310496677782,4.50046721112209,4.92999227281304,2.32144118048277,2.26363506267604,2.29276856874034,3.33822066955916,3.97776545363767,3.57317639633074,5.30004589832844,6.70179468116959,6.88376709423746,12.3989417298986,17.6015107501979,7.20652540339043,3.08111969766805,4.82219219480806,7.18136592182184,13.6502450540403,19.5677040402106,11.9785462694289,8.6617776144822,5.73091473476816,12.4138890507371,
Syria,,,,,,,,,,,,,,,,,,,,,,,,,,,,,,,,,,,,,,,,,,,,,,,,,,,,
Tajikistan,,,,,,,,,,,,,,,,,,,,,,,,,,,,,,,,,,,,,,,,,,,,,,,,,,,,
Tanzania,,,,,,,,,,,,,,,,,,,,,,,,,,,,,,,,,,,,,,,,,,,,,,,,,,,,
Thailand,,,,,,,,,,,,,,,,,,,0.025319741378633,0.01431599691091,0.009370701577338,0.006696639120142,0.005822457747056,0.003583104653578,0.001393840381774,0.002210753509174,0.002467794831908,0.336282294812856,0.039141203202711,0.068740440297879,0.164251097532525,0.170101406995619,0.13149448213776,0.186451345403705,0.341651189386156,0.527061731712748,0.511797512973931,0.384239491854818,0.116318237271739,0.281944397629972,-0.018722104067882,0.370189128373615,0.13456766167155,0.436688796291094,0.04751546763664,0.284216134397506,0.470614088546469,1.22053144369087,1.50169461076572,1.58282942858019,1.73381911600238,
Timor-Leste,,,,,,,,,,,,,,,,,,,,,,,,,,,,,,,,,,,,,,,,,,,,,,,,,,,,
Togo,,,,,,,,,,,,,,,,,,,,,,,,,,,,,,,,,,,,-0.442795855852573,0.18997206910192,0.163448959265269,0.667406759533875,0.183120623375322,0.033816090846625,-0.546071979651978,0.183896426025281,-0.360168062484854,-0.570811866090441,-0.703133824306772,-0.653830623330856,-0.027864797249074,-0.416849162933045,1.18537963416913,,
Tonga,,,,,,,,,,,,,,,,,,,,,,,,,,,,,,,0.00068864785125,0.018082496911453,0.001641680857695,0.000526592034957,,,,,,,,,,,,,,,,,,
Trinidad and Tobago,,,,,,,,,,,,,,,,,,,,,,,,0.046475850609937,0.044588178001342,0.110673340301577,0.152378077034717,-0.038791330197862,,,,,,,,,,,,3.87870359013739,0.309038822768205,1.69974123566769,1.18113642760504,2.00427902480854,0.197132845627414,2.1336123636797,2.01412928855839,,2.57989031078611,,,
Tunisia,,,,,,,,,,,,,,,,,,,-0.040259189179114,,,0.024026707451518,0.020814341729442,-0.017642682948753,-0.015594718196177,-0.071242679362137,0.013965714897208,0.012445048512068,0.011546488033583,0.04171051302639,-0.009263362826325,0.024815504188988,0.029183624774455,,0.037943263851174,-0.029320867354352,0.005244811206243,0.030509633502498,-0.0040277033355,0.011022776380708,0.006795084219867,0.001574968046261,0.002127581473871,0.00508874831893,0.004892183918242,0.031992368219254,0.088292579975793,0.042494975158728,0.084270267418976,0.161315814439226,0.149847196070576,
Turkey,,,,,,,,,,,,,,,,,,,,,,,,,,,,0.010324322588157,,,-0.010618790709413,0.017875911596721,0.040856091453198,0.007759573182278,0.03749325533716,0.066672196703309,0.060614224229115,0.132220330258516,0.136285770778908,0.258256737289819,0.326371330186382,0.254074776732834,0.061496235021339,0.158413069189031,0.198895226270398,0.22029905051088,0.17404404511587,0.325424291189255,0.349016724015994,0.25270361881224,0.199356049522926,
Turkmenistan,,,,,,,,,,,,,,,,,,,,,,,,,,,,,,,,,,,,,,,,,,,,,,,,,,,,
Turks and Caicos Islands,,,,,,,,,,,,,,,,,,,,,,,,,,,,,,,,,,,,,,,,,,,,,,,,,,,,
Tuvalu,,,,,,,,,,,,,,,,,,,,,,,,,,,,,,,,,,,,,,,,,,,,,,,,,,,,
Uganda,,,,,,,,,,,,,,,,,,,,,,,,,,,,,,,,,,,,,,,,,,,,,,,,,,,,
Ukraine,,,,,,,,,,,,,,,,,,,,,,,,,,,,,,,,,,,0.015223725488357,0.020740920354276,-0.011221309903443,0.083748086070097,-0.009550359185832,0.022165479261543,0.003198820033275,0.060511435427788,-0.011794428944688,0.025931047638997,0.006164937281412,0.3192402571514,-0.123430358741016,0.471555961933093,0.561134785286945,0.138192512139443,0.533606673445355,
United Arab Emirates,,,,,,,,,,,,,,,,,,,,,,,,,,,,,,,,,,,,,,,,,,,,,,,,,,,,
United Kingdom,,,,,,,,,,,1.34427909119023,1.40830325603746,1.24380846368871,2.72142393954408,2.2131335082008,1.26920000475854,1.90964623239523,1.62664243381285,2.09615245089038,2.96798862359876,2.07210823681806,2.35975326142079,1.45897559642572,1.75745655939205,1.81785944554629,2.28455965455204,2.98341063974801,4.53525801623632,4.43789839302072,4.17960342294083,1.98738170617352,1.58677553348399,1.80430672053191,2.77788174835776,3.29030399270232,4.24425727964144,3.00867088053726,4.48099518421066,8.43448220199453,13.4751538348764,16.6710391727384,4.2034600263139,3.12261008543084,3.52827012058294,4.26752983622884,3.54258224595873,3.50257624635681,11.6638205774546,6.18923659662075,1.97402420501025,1.31416497868121,
United States,,,,,,,,,,,0.6371975019516,0.513880154523403,0.604897959183673,0.69597604615497,0.33313143549364,0.861155599359369,0.644519374274501,0.559197457290425,0.646748681898067,0.997444466286613,0.694850948509485,0.309942650944004,-0.030424141029216,0.220707747583336,0.316634191364988,0.335977824507742,0.542305084745763,0.745557470897444,0.445030522135957,0.798757284409067,0.64686652291855,0.639047667223093,0.770864607620812,1.27527381549165,1.14652596056225,1.34606998800829,1.18538013959309,1.26954520680676,1.63184990275712,2.41838511987958,1.6083969774114,1.39096532113857,1.45848992464732,1.34873570681384,2.67705696604387,0.288051384373236,1.83652764655599,2.95849946409432,2.30177870727221,2.16118860513774,2.40870193614662,
Uruguay,,,,,,,,,,,,,,,,,,,,,,,0.149256943621313,-0.109754822668613,-0.070099603092631,0.166947805595481,0.076529142222969,-0.066508365696076,0.028002625813732,,,,,,,,,0.055069417636233,0.036634469017837,,0.003419319340915,0.029492685210756,0.100985751139976,0.125161838109897,0.129451453038484,0.208834446212576,-0.005263121503065,0.381830425129896,-0.035936538994737,0.004861923876586,-0.015754447242735,
Uzbekistan,,,,,,,,,,,,,,,,,,,,,,,,,,,,,,,,,,,,,,,,,,,,,,,,,,,,
Vanuatu,,,,,,,,,,,,,,,,,,,,,,,,,,,,,,,,,,,,,,,,,,,0.217114106795656,0.214811304547239,0.209167768074433,0.195539737313178,0.168051048125555,0.120103708711876,,,,
Venezuela,,,,,,,,,,,,,,,,,,,,,,,0.005215555800619,,0.037531942981167,0.01898655229644,0.780784445421068,0.08159881871464,0.116381750644538,0.424751340388308,0.797405631039929,0.363394828913947,0.266801853223433,1.52475869178998,0.633293130098913,0.121513591157397,0.74276367039932,0.648901402281388,1.14190567418246,0.890030809879922,0.444738035795358,0.165975462124061,1.10453715362419,1.5761366422417,0.550460018880736,0.549089986029154,0.830619458099567,0.014567124243908,0.369619684959537,0.563573783279488,0.681642745223023,
Vietnam,,,,,,,,,,,,,,,,,,,,,,,,,,,,,,,,,,,,,,,,,,,,,,0.122833182993709,0.139542101438416,0.25909802704345,0.329329956539833,0.720310562252143,0.84565130035933,
Virgin Islands (U.S.),,,,,,,,,,,,,,,,,,,,,,,,,,,,,,,,,,,,,,,,,,,,,,,,,,,,
West Bank and Gaza,,,,,,,,,,,,,,,,,,,,,,,,,,,,,,,,,,,,4.00608689394076,4.22147074457028,4.21746223160706,4.0592794186036,4.06362041351438,5.18291680603862,11.3234747903155,12.698445715986,1.54242681425089,-1.27303885377701,0.322855563562504,,,,,,
"Yemen, Rep.",,,,,,,,,,,,,,,,,,,,,,,,,,,,,,,,,,,,,,,,,,,,,,,,,,,,
Zambia,,,,,,,,,,,,,,,,,,,,,,,,,,,,,,,,,,,,,,,,,,,,,,,,,,2.1051106509698,1.7828848625578,
Zimbabwe,,,,,,,,,,,,,,,,,,,,,,,,,,,,,-0.283144655646231,,,,,,0.068592309533635,,,,,,,,,,,,,,,,,