Tax revenue (% of GDP),1990,1991,1992,1993,1994,1995,1996,1997,1998,1999,2000,2001,2002,2003,2004,2005,2006,2007,2008,2009,2010,2011
Afghanistan,,,,,,,,,,,,,,,,,6.290690583393,5.28802168696701,5.2259786876174,7.26642106852521,8.31380678043414,
Albania,,,,,,13.4227682132808,9.40997906859071,10.185762287451,13.5980485427755,,,,16.1089182573328,17.0719284201438,17.2917603914058,,,,,,,
Algeria,,,,,,,,,,,,,,,,,40.7007753759398,37.2034303567444,45.2558181653536,34.9118340053636,,
American Samoa,,,,,,,,,,,,,,,,,,,,,,
Andorra,,,,,,,,,,,,,,,,,,,,,,
Angola,,,,,,,,,,,,,,,,,,,,,,
Antigua and Barbuda,,,,,,,,,,,,,,,,,,,,,,
Argentina,,,,,,,,,,,,,9.81895378706002,12.5187846482703,14.1974328834626,,,,,,,
Armenia,,,,,,,,,,,,,,13.9997870190166,13.9964056466186,14.3356634088462,14.3959865593942,15.962531729107,17.3217587321083,16.5058632327843,16.868060408759,
Aruba,,,,,,,,,,,,,,,,,,,,,,
Australia,,,,,,,,,,22.3768836314713,22.9847396092255,24.6870234822314,23.380296906043,24.2242257177707,24.2190019080727,24.7319058726511,24.4865393832881,23.9987248461708,24.0912004317979,22.1470617992879,,
Austria,,,,,,17.8118304930897,18.8886506056107,19.9958857637721,20.1874152326469,20.0915108397978,19.7920463710339,21.5196505012259,20.9647772044891,21.0720363252037,20.7886673401565,20.0894650732598,19.6800212042816,19.9765871645346,20.1083025777546,18.6865694256472,,
Azerbaijan,,,,,,,,,,,,,,,,,,,15.8537753281245,,,
Bahamas,13.8629185091598,13.6379999742861,15.4326149887424,15.3945666235446,16.7167842896594,17.3461650627005,17.0490440565254,13.2684581845346,12.7288679382029,13.1771044782268,13.6302475270057,12.5846849861992,11.4864107424034,11.8558413726126,12.0343007941601,12.7661518186214,14.3573330681928,14.4984202420581,15.4838901499913,14.4730980103618,14.4000436275248,
Bahrain,5.18737424547284,5.0411938476224,5.39072995969548,5.34956281449701,5.1734019627889,4.79676289305848,5.04293269586433,5.09780903556752,5.66427242645189,5.01305502360043,4.2443857294334,4.6457802227291,4.04372611664474,3.75716234652115,4.93549532489052,1.3784109545733,1.36111250901649,1.34702045870107,,,,
Bangladesh,,,,,,,,,,,,7.59654090927736,7.69752270306478,8.07147479157802,8.11135013609207,8.22066985516864,8.17180157983142,8.04930133092221,8.81827075986621,8.59914054306214,,
Barbados,,,,,,,,,,,,,,,,,,35.5908036049513,33.152481609347,,,
Belarus,,,20.4434829637642,26.6309422319652,24.7499044578828,19.8877124542638,18.7997552116564,20.7345853025692,17.1123265017102,16.6724778463851,16.6247345026167,15.7546642442876,14.2010383230738,17.6881219095961,18.3713469008917,20.1496562779039,22.2230966228065,23.7266987288672,25.3533892055523,19.2596284110703,17.0728128828156,
Belgium,,,,,,25.4309783777541,25.9298816306919,26.481770303019,27.0991492902803,27.078630610886,27.3278359088074,26.9439818077613,25.9372361510478,25.3149540411806,25.8927035782982,26.0145350221909,25.7245596914938,25.053276060575,25.3648266937779,23.9449103048905,24.6101403164704,
Belize,21.4061259956374,20.7109753422456,19.9392570612646,19.525344378377,19.9196669738065,18.7562162583319,19.5422738363756,19.210082686813,,,,,,,,,,,,,,
Benin,,,,,,,,,,,,15.4670808212335,15.6816667789135,15.6647359418734,16.3498752577869,15.472014698386,15.9577425931012,,17.2479350202165,16.1497400772397,16.1877511262632,
Bermuda,,,,,,,,,,,,,,,,,,,,,,
Bhutan,4.70424747159497,5.08430265872902,5.31313328542206,6.45223597327204,6.33564401149562,6.99424955286342,7.91689674659877,6.97944957832902,8.49229742666832,7.4102800840931,10.2836156545731,8.91445175615298,9.79207881847941,9.53431010856962,7.82035160620106,8.34658466275847,9.03097340781244,7.51948277779463,8.42071613824162,9.23514990159008,,
Bolivia,,,,,,,,,,,,,13.1841049699931,12.9730003175784,15.0163487981632,16.2151641091835,16.8161681629038,16.9648657303097,,,,
Bosnia and Herzegovina,,,,,,,,,,,,,,19.7627739987846,19.0310136301377,20.7348247169179,22.7699880786283,22.1501731093547,20.9606403609237,19.5733985785286,20.3926990731673,
Botswana,27.5016129375315,25.557193488693,27.8455400724745,23.6845760088885,19.5458125474337,16.6155553081201,15.086220986068,,,,,,,,,,,,,,,
Brazil,12.0091242848293,9.52972660096524,9.73379589010628,10.5001503337974,11.8960101028903,,,10.3360112523423,12.2339362924003,13.4484707369319,14.0038766351231,14.7120488362669,15.8367203322168,15.4058211269553,15.8846447436013,16.7086790166633,16.4553309090776,16.8093503481105,16.7185702251176,15.6402086958771,,
Brunei,,,,,,,,,,,,,,,,,,,,,,
Bulgaria,23.8331295204348,22.3338246131172,16.9033864541833,15.2137838742054,21.2389649923896,20.0680856789631,19.3617446237345,18.5232181674284,18.113537014805,17.525732856743,17.8799899402142,17.1136674636676,16.3862241645928,18.2270150240988,21.2792743746461,21.610561538779,22.5021458833249,23.1300915752233,23.2696960847214,21.0152688146547,,
Burkina Faso,,,,,,,,,,,,,10.5884908197502,10.9229978619798,12.0268157837157,11.8291957493014,12.2172434066673,12.6937065260237,12.3416894023036,12.8662535002601,12.9506723182201,
Burundi,,15.142662979358,15.122783962513,14.9289163086995,15.6160547705857,16.6782065773911,13.4389965792474,11.4203617269545,14.3476586706647,13.5974418093983,,,,,,,,,,,,
Cambodia,,,,,,,,,,,,,8.17291193041795,7.53784443444623,8.11726502340037,7.89324276816088,8.17891487617308,9.69697926494016,10.5551963609478,9.66870176824224,10.1213791524626,
Cameroon,9.76735861966012,8.9051552447804,9.75370088628914,8.35786231651996,7.27976428286057,8.60129114304134,,,11.1450313215774,11.1980825234458,,,,,,,,,,,,
Canada,,14.7091995967124,14.6486694837826,13.9990703865872,13.3942945206279,13.6181465056649,14.2393507188743,14.9374725993024,15.0532310789499,15.063907145569,15.2406191103841,14.6239152094494,13.8217806324025,13.6538421909452,13.7795470777888,13.7311705468958,13.7499525994464,13.7098266266298,12.7856242102808,12.4020183324231,11.9319860544821,
Cape Verde,,,,,,,,,,,,,,,,21.0769713606117,22.7444438575378,23.7764869186589,24.5612884404758,19.9475082481803,,
Cayman Islands,,,,,,,,,,,,,,,,,,,,,,
Central African Rep.,,,,,,,,,,,,,,,6.21422340399183,,,,,,,
Chad,,,,,,,,,,,,,,,,,,,,,,
Channel Islands,,,,,,,,,,,,,,,,,,,,,,
Chile,,,,,,,,,,,16.721914127157,16.5974714879971,16.7969640040303,16.3054622670901,17.01228763898,18.7437883357297,20.5561884490952,21.402066861405,19.686960468257,15.5640939256681,17.8304362688868,
China,3.93243981615402,3.60948511351376,3.2518060430479,2.49675241057455,5.55086424927227,5.018776616656,4.70407409176611,5.32928975725881,5.66052937134191,6.18620159015132,6.81563311769763,7.40202210801349,8.50340163369074,8.5389962194553,8.8605515151152,8.67959444151063,9.1880603469322,9.92881656740578,10.2686609093658,10.5397293319685,,
Colombia,,,,,,,,,,,,11.0283150328346,9.85437015826845,11.2267740388334,10.5321459358205,12.8128644210304,11.8320783129894,13.604236913555,12.316003292886,11.8308957868925,11.4990898079971,
Comoros,,,,,,,,,,,,,,,,,,,,,,
"Congo, Dem. Rep.",9.29067611358098,4.38908041173521,2.73389078403243,3.40760166547893,2.65117796862662,4.93161586838294,4.76004716520026,4.05375006486,5.34976331230315,3.45978698837808,3.45650145507476,4.36362123255468,6.66743461401767,6.3683795339803,8.34456758192549,9.97207954445909,11.5506320460284,11.7468081304883,15.2070908956075,13.1358046070759,13.7000050386295,
"Congo, Rep.",,,14.6960329726945,11.735297987107,8.27598843601124,11.2431357697406,11.1310302377472,7.61820461754075,10.9025302147639,7.77133788725592,5.9354262834024,9.21564092173998,8.3614492307473,8.70277394689438,7.84924768592719,6.24311241343009,,,,,,
Costa Rica,,,,,,,,,,,,,,,,,,,15.7245660081419,13.8614337100854,,
Cote d'Ivoire,,,,,,,,,,,,,,14.9056345026589,15.1789597703262,9.77037724798847,15.0238002081075,15.4752228411243,15.5746876303885,16.5551181482312,,
Croatia,,14.8888717639539,19.7348173178989,21.5487455988172,26.8720230340024,23.1346666966644,22.9788795668076,22.1018246018336,25.320907395831,23.347064494743,22.4228053611764,21.0579271484305,21.6341760203893,20.9286131054153,20.1406652451226,20.0445131211661,20.0894036954577,20.1801496052304,20.1652268657585,18.9978968535288,18.7876370744893,
Cuba,,,,,,,,,,,,,,,,,,,,,,
Cyprus,,,,,,33.8262141211779,32.6567872125214,31.3579474479829,34.7495346767015,35.7083603565557,39.3164314054302,40.4583760702998,41.1539796237536,43.6551173095083,42.820434226641,45.4391422381463,47.7099620644962,55.7073580344653,52.3887426390607,25.7706833471026,,
Czech Rep.,,,,22.2851441684126,19.3916218007684,17.0867535570554,16.436640669927,15.8896777306976,15.335968300256,15.8543096707656,15.4354460528173,15.9117325209356,15.7584790328968,16.1458765826837,15.6971353173021,15.5609743346039,14.655956533842,15.1835404728098,14.8271859482558,13.463904475208,13.9258592327213,
Denmark,,,,,,31.9102148507422,32.1927875768592,31.8595360332468,31.8385376606524,31.914183504701,30.8222105268852,29.5493972421611,29.4228974668855,29.4876307303049,30.7945818385191,32.609656516683,31.5757152689379,35.7663467164996,34.7313296280072,34.3129043031132,,
Djibouti,,,,,,,,,,,,,,,,,,,,,,
Dominica,,,,,,,,,,,,,,,,,,,,,,
Dominican Rep.,,,,,,,,,,,,,,,12.8930892232305,14.550171655719,14.8369114874165,15.9142470019749,14.9290485252902,13.0670396831571,,
Ecuador,14.1049180097578,16.2390908291557,25.2022348750777,27.7098831030818,27.2492317243601,,,,,,,,,,,,,,,,,
Egypt,13.1883746840479,14.9041206563002,18.4802300503235,18.764175257732,19.0474285714286,17.6230392156863,17.4629468177855,15.9646483640466,,,,,13.4077591945404,13.3499401279463,13.8359776727383,14.0686351509983,15.8295127412365,15.3498523093448,15.3205248464545,15.6613605833813,14.1300762473065,
El Salvador,,,,,,,,,,,,,10.7103664716531,11.1592575116138,10.9935879176873,12.4770384583884,13.5153929501313,14.1686852458853,14.3185105688022,12.7593049707178,13.7498998336059,
Equatorial Guinea,,,,,,,,,,,,,,,,,,,,,,
Eritrea,,,,,,,,,,,,,,,,,,,,,,
Estonia,,,,,,19.2434139847674,22.1691263776605,18.2889473134798,17.9553162478613,16.6276010854713,15.7682376697517,15.4849556772425,16.0303765633636,16.191555691051,15.9625465243506,16.0587040608619,16.1675257731959,16.6258025439128,15.0866416681547,17.4182363112392,,
Ethiopia,8.7053925203816,7.5077206548113,5.64371883119481,5.95726008957602,7.73715198125592,8.4941594926364,9.02117011205424,10.1658127942398,10.9115136673029,10.7093284343744,,8.14588325223808,9.78430917745197,9.18683926479199,9.75502791008763,8.79135703469483,,,,,,
Faeroe Islands,,,,,,,,,,,,,,,,,,,,,,
Fiji,22.7570707070707,21.871694417238,21.6010076879642,21.410668253024,21.4956593324353,22.2061424086037,21.2021419009371,,,,,,,,22.1900155920428,21.348064225041,23.187023319146,,,,,
Finland,,,,,,20.7372168554297,22.1212335192826,22.8962562860868,23.056477265907,22.8415398827675,24.64767956428,22.4075297225892,22.9710538406917,22.740172196989,22.54935441924,22.5860546659129,22.1011673151751,21.6643496635712,21.2209834652879,,,
France,,,,,,18.767979093465,19.8972336469109,20.6719612866001,22.6721002034738,23.4149055603515,23.1904842680977,22.9816647767304,22.4619742365099,22.1336651421397,22.2767868171638,22.4213320369776,22.5439934519884,21.8846054403864,21.6708090923533,19.803613216171,,
French Polynesia,,,,,,,,,,,,,,,,,,,,,,
Gabon,,,,,,,,,,,,,,,,,,,,,,
Gambia,18.2047799494292,,,,,,,,,,,,,,,,,,,,,
Georgia,,,,,,,,8.33383325987132,7.2419864773073,7.90305220338784,7.6517565517147,7.35241442875454,7.61665802995069,7.03285234497347,9.92742942325607,12.1100333079592,15.4482480512354,17.7153065086424,23.8093586661,23.1385522072723,22.0881208149002,
Germany,,,,,,11.0738436570192,10.8293333333333,10.7325107183938,10.9644333316324,11.7408259174083,11.9819291819292,11.3245159141729,11.3103836413094,11.4454016298021,10.9363756433028,11.1432296349577,11.3522624141061,11.8052295655755,11.8615086102353,12.157506843546,,
Ghana,11.4367966265691,13.1595931185276,10.7686567778712,13.1492471785336,,,,,,,,17.1929278946802,17.4931112111661,18.4776861347961,21.7521055188478,21.321508315786,12.8073759381947,13.8779345698684,13.8959526173948,12.6121267899524,,
Gibraltar,,,,,,,,,,,,,,,,,,,,,,
Greece,,,,,,18.9290089131204,18.9490826202051,19.9170436648682,21.5080954061597,22.5222413383727,23.4642953580879,22.009248023591,21.6105104671903,19.9572418434174,19.7659601730114,20.3382897250875,20.4066338543508,20.7464058592099,20.3593223471134,19.6117272126072,,
Greenland,,,,,,,,,,,,,,,,,,,,,,
Grenada,,23.0467312645652,21.7160902365309,23.5222743121397,22.3358800226372,23.083109919571,,,,,,,,,,,,,,,,
Guam,,,,,,,,,,,,,,,,,,,,,,
Guatemala,6.86521167042448,7.32568643787739,8.31394870079594,7.81982716975758,6.76522723609661,7.71473124255776,8.52966373904846,8.69766927303715,9.37193397451466,10.2471509266561,10.0649764496874,10.8630282940689,11.880548998565,11.6738573729302,11.5527349544555,11.2053931831344,11.8569711198545,12.0593627523828,11.2738131249546,10.3494408002119,,
Guinea,,,,,,,,,10.4510890398349,11.1293021249752,,,,,,,,,,,,
Guinea-Bissau,,,,,,,,,,,,,,,,,,,,,,
Guyana,,,,,,,,,,,,,,,,,,,,,,
Haiti,,,,,,,,,,,,,,,,,,,,,,
Honduras,,,,,,,,,,,,,,13.7464619792931,14.4958633647621,14.5348512347871,15.2383532598614,16.3850009926031,16.130518706375,14.5733670515883,14.836322294532,
"Hong Kong, China",,,,,,,,,,,,,9.09463139055862,10.6039144417422,12.0449128934155,12.6623944914978,12.722276709976,14.2449061448129,12.9516741392871,12.7841451943572,,
Hungary,,,,,,23.4910469568837,23.152607832619,21.1343574056716,20.9873081199863,22.0121859837156,22.6418699543214,21.7061516172845,21.1600045912784,21.051205840642,20.6973591796533,20.2789109396042,20.1385927010012,21.8390381471205,23.6724406323613,23.9281507384849,,
Iceland,,,,,,,,,24.5677671814169,26.5686731435526,26.0534208765723,23.6601045919725,23.6356685165639,24.6687103711114,25.8388542717259,28.1066238287935,28.0661489437542,27.3100364433399,24.3017244695577,21.4574148184403,21.864640850586,
India,10.1073690715279,10.2879206511396,9.91733889988055,8.6356627647103,9.08616568415498,9.33342730780752,9.33993995431654,9.11621456326064,8.2108886540022,8.79861272979224,8.9675947551127,8.20811495810355,8.81078123542255,9.23342993464437,9.40587112058476,9.91614048533711,11.0281362898703,11.8958749212362,10.8401015078396,9.6633101134289,9.47897910821866,
Indonesia,,15.6411641187481,15.7580392596338,14.3564067572313,15.5619918465926,14.019366784727,14.0472204640775,15.9964695626844,14.9661706338839,15.4751667001886,,11.5781845835748,11.8269595891699,12.3855323103378,12.330767497785,12.5023780424986,12.2544609662795,12.4272818853744,13.0362100278717,11.4354830723082,10.8921497547783,
Iran,5.99378538796878,6.65888770723327,7.44098903204848,4.09507386964288,4.67815187597363,6.60363234380922,8.65277949514969,10.9895593577632,9.28557933281745,9.05929345275257,6.34188978653308,6.31644258490717,5.51801074847178,5.897925421422,6.04887451475428,7.85160944251178,7.42892297459296,7.26247165693542,7.55670180900076,9.25652898264144,,
Iraq,,,,,,,,,,,,,,,,,,,,,,
Ireland,,,,,,26.2375832191861,26.8685913011626,26.6431458213856,26.0758550532967,26.248530468685,25.7732509002981,23.9264569232948,23.0182111503345,23.4599446084018,24.5451685565494,24.9242053112879,26.2829566717845,25.4525210807877,23.3047763724794,21.156417597633,,
Isle of Man,,,,,,,,,,,,,,,,,,,,,,
Israel,,,,,,,,,,,28.736650872916,28.3955043802531,27.6284225467857,26.6988336312048,26.5682339007203,26.9281663041064,27.5780791097322,27.919192492222,25.4119133364229,23.1922668644469,24.3080674336363,
Italy,,,,,,23.5527038820578,23.3997145452778,25.0779537571405,23.9149074153126,24.4329337641399,23.0712572427431,22.7034664170629,21.9633552439551,21.9919492267576,21.4787097878458,21.1051471802784,22.6186818056146,22.9008654667464,22.392367174751,22.8774684130494,,
Jamaica,,,,,,,,,,,,,,24.5451751361794,25.2181833571926,25.5370993700267,26.0097094085758,26.8911507351634,26.2305994358727,20.9994117201574,,
Japan,,,,,,,,,,,,,,,,,10.9170955493956,10.4247668957426,9.22614327043866,8.70365380315444,,
Jordan,18.6328373871004,18.5968967811986,22.9722470258526,20.9185606416309,19.9874211479151,20.7090740244188,21.6865826323394,19.0499222461603,18.1192317681285,18.1052061105074,18.9911513273009,18.669922887252,17.47799982341,18.2136534631556,20.9960841472259,24.4158117376541,23.6312638984759,23.7796279298612,17.1225568441996,16.1650819551392,15.2903523146252,
Kazakhstan,,,,,,,,6.78722058676219,7.29479389602331,7.74536993437448,10.2213950712596,9.64230065323767,12.1343597833771,13.0832376530724,13.9086779667034,17.1493405893716,14.8508425872809,12.2785729312081,12.6609941312107,8.05513661002019,8.93861021561946,
Kenya,,17.6238629026727,18.4072504575753,14.9656205102726,14.9354372843902,20.4943252750119,15.8475751382998,16.0621721300303,15.0594340769165,16.1544422237968,16.8311439614109,17.8317747821305,17.2945998384495,15.7657722070151,16.9728203627164,18.6704592164792,17.3776101832185,17.7901886596932,18.7756093372736,18.8195210628155,19.5454947166016,
Kiribati,,,,,,,,,,,,,,,,,,,,,,
"Korea, Dem. Rep.",,,,,,,,,,,,,,,,,,,,,,
"Korea, Rep.",14.4158148125135,13.4495536652545,13.7202000268711,13.5536018687505,13.8917874407495,14.2348629530258,14.4809454556479,14.2380462553254,14.0048241819713,14.2885885088487,15.4060188715528,14.7053400043475,14.4291668361,14.9474870543962,14.2455903891762,14.7318129016294,15.1906731028041,16.5596891528626,16.2994492288873,15.4493803406605,15.1532938086639,
Kosovo,,,,,,,,,,,,,,,,,,,,,,
Kuwait,1.54507084715104,0.255607392280297,0.085814810222566,1.0926240716402,1.42276427699562,1.14616711856051,0.965076954124893,1.17308423396513,1.4923296663114,,,1.03728623493131,1.18205349439172,1.32473540337843,1.32442769880687,1.02996651549188,0.970478452663726,1.08652282004849,0.867695231427071,0.93968253968254,,
Kyrgyzstan,,,,14.8598427549629,14.6756855697551,15.0640132300203,12.594479322031,12.5113978172243,14.233179448472,12.2148314354288,11.7437942451139,12.4356925042601,,,,,14.218267998007,16.3963384184522,16.508506483524,15.0360908226648,15.610611214955,
Laos,,,,,,,,,,,,,,,,,10.3790278542732,11.4879110725515,12.0281679002495,12.5968437913281,12.726126247401,
Latvia,,,,,15.1383108935129,13.2173171582497,14.1113747927571,16.6690055853378,17.1090727407825,15.5120604810687,14.1556417547018,13.741057306801,13.7289923719137,14.1002862918124,13.6109524653727,15.05447561016,15.8723907035812,15.6449237147643,15.0109042173352,13.4091453699305,12.771579000678,
Lebanon,,,,,,,,,,,11.9012298232129,11.8780771977299,14.4305901911887,15.3767134599505,16.0319055012634,14.9159854346837,14.730195707444,14.8073253382045,15.8940213915536,17.085502098805,,
Lesotho,39.8879693943804,42.368248309543,43.6332215522615,47.6366608866918,48.401840916275,47.8601705694414,45.4044308066992,46.2109228844391,38.2270064399645,39.353147079461,37.3776995041952,40.2457376497936,38.2663851324989,40.8942236130945,46.7175740854861,46.1859282412141,61.0181185575545,56.8941031642638,58.8582689858271,,,
Liberia,,,,,,,,,,,,,,,,0.23959182771,0.228126402974983,0.311015540856539,0.318976728159059,,,
Libya,,,,,,,,,,,,,,,,,,,,,,
Liechtenstein,,,,,,,,,,,,,,,,,,,,,,
Lithuania,,,,,,,,,,,14.5550191530671,14.3874301199295,17.294186106806,17.0835718072873,16.9619986666199,17.2599652513725,17.8571083475858,17.7478055439849,17.3842300552459,13.9787725048683,13.3584740297178,
Luxembourg,,,,,,,,,,25.5029637371974,26.3752141653884,25.9406482175848,25.3749927979143,24.5545982457378,24.3971511572444,25.248063930853,24.1639978565328,24.0104658027577,23.6706842635908,24.4945902470943,24.4856861240503,
"Macao, China",,,,,,,14.1872567144395,17.3635891496288,15.6269860284488,15.7053008565722,16.567304364279,17.339245637433,18.1998314227989,20.9364286140134,22.144127878002,21.7143630971082,21.6448862327724,26.0532676116065,30.7147017453956,29.6976680155782,34.7348167121885,
"Macedonia, FYR",,,,,,,,,,,,,,,,19.2615755992164,18.9177571600861,19.4876951539635,19.0944490529436,,,
Madagascar,,,,,,,,,,,11.3260830447828,9.73894115486739,7.66963419363322,10.0089825071768,10.8775238476274,10.1056230978936,10.6709445885519,11.4329106023142,13.0043872984669,,,
Malawi,,,,,,,,,,,,,,,,,,,,,,
Malaysia,,,,,,,19.3778503209833,19.7533666432124,16.7301582344219,14.0937078196333,13.6669089031737,17.7948888050621,17.4469550876406,15.4956551225138,15.1990937626569,15.4261214099092,15.0808074284391,14.8226053657914,15.2056297627441,15.6638410560629,14.2976836316564,
Maldives,13.9623192639112,14.6140952989065,14.9589823640772,13.7345373227277,13.0045821514292,13.5963884925789,13.4521788341822,14.4455044148385,14.2002404073801,14.0915703839537,13.7961100788493,10.8457082456813,10.4716411038531,10.6334652004828,12.1543047725864,13.7404093091512,14.4417704938008,15.0245400994016,14.6965358290264,11.9035124309826,,
Mali,,,,,,,,,,,13.1520130369393,13.9488803755771,13.0013925681659,13.7661785378272,15.2884759253669,15.6560899113477,15.6626751201433,14.8817518248175,13.2743674929721,14.7482163949917,,
Malta,,,,,,,,,,,,,,24.8823332669248,26.100211795138,26.1808066615329,27.2857043553811,28.2150585031111,26.8301327406824,27.6352530969792,26.5357374400393,
Marshall Islands,,,,,,,,,,,,,,,,,,,,,,
Mauritania,,,,,,,,,,,,,,,,,,,,,,
Mauritius,,,,,,,,,,,,,,,,,,,,18.6947366783172,18.5351610033399,
Mayotte,,,,,,,,,,,,,,,,,,,,,,
Mexico,11.7826894954672,11.5461491162096,11.5880233550549,11.2649620972236,10.628130397666,10.6498433952436,10.7931965514921,11.2025012279627,10.1941981633662,10.7374484170144,11.6552896026751,,,,,,,,,,,
"Micronesia, Fed. Sts.",,,,,,,,,,,,,,,,,,,,,,
Moldova,,,,,,,12.0896172189218,18.2831986606131,18.7333174316512,15.0573270821849,14.7258544054338,12.1713376650726,12.8813543692286,14.672913689088,16.3575064848884,18.4854037391876,19.5710510216802,20.5667007882208,20.4460968019778,17.6852556677147,18.2047070940445,
Monaco,,,,,,,,,,,,,,,,,,,,,,
Mongolia,,,11.0813657493787,17.5173290207141,11.3241649288739,9.77395635681234,9.60234781660849,10.572433151791,8.35867208743328,9.80581787717774,13.9101606967841,14.6620591872283,13.3692402227291,18.0387455710695,,,28.7099746783994,23.4791764783736,21.6518153602834,16.5402944035133,22.718112479338,
Montenegro,,,,,,,,,,,,,,,,,,,,,,
Morocco,,,,,,,,,,,,,19.9317738845189,19.6351223830517,19.8713402843648,21.9662602343453,22.431653537729,25.1186450826804,27.5739556710605,23.9697846193915,23.4259732050035,
Mozambique,,,,,,,,,,,,,,,,,,,,,,
Myanmar,6.19778414572987,5.61020629285277,5.03739654451358,4.72801035299943,4.25171345046186,3.74448720005159,3.9593171544736,4.41523918074799,3.51930951883989,2.75274845684649,2.96650687713913,2.2571405382373,2.00104706364423,2.21041192149512,3.27245647586846,3.88177848278208,,,,,,
Namibia,27.3145864167078,32.4149956408021,30.3422710984802,29.844119544184,27.1594353511735,28.414135054305,27.4059023382853,30.4817622828488,29.2798978125499,31.8976020112164,27.5296552995392,26.3951825773702,25.9757183178098,23.1756540853528,24.2869139389395,25.7606579032852,29.1451654697564,27.3342488039819,,,,
Nepal,6.99669296820608,6.62030193617176,6.48334407233372,6.6546373561321,7.72913404793448,8.98551385878864,8.71991418688458,8.72365986603116,8.63933254666024,8.42250523336725,8.73598111139219,8.80256568799984,8.56058314089016,8.65181185256516,8.97495850015557,9.17945342137588,8.77975841023477,9.7724734037072,10.4400864087645,11.8466620717715,13.3364649864963,
Netherlands,,,,,,21.9120686887614,22.6714203061719,22.2196898640416,22.166891056767,22.6280642062388,22.3301272849076,22.5939235835803,22.5206034212212,21.6379247082997,21.6291654451285,22.6372059594045,23.1938705999082,23.3750107122932,22.8360536333373,22.6278790849959,,
New Caledonia,,,,,,,,,,,,,,,,,,,,,,
New Zealand,,,,,,,,,,,,29.0974507968211,28.7095214935646,29.758396202453,29.7430795659456,30.7590906425661,32.6194186663219,30.8388277069251,,,,
Nicaragua,26.2658366755162,18.2393673743543,19.8495091477019,18.9808828317596,11.6691781181357,12.1999392408435,12.318922334846,13.7391881027682,14.3196973905223,13.907683187851,13.8141615951313,12.7186326608685,13.4880260706856,15.2076083184712,15.8139929956321,16.7373265634697,17.6958928913003,18.1742363320965,17.6035579318306,17.5456102011137,18.2864786207744,
Niger,,,,,,,,,,,,,,,,10.0907213753689,10.7006171697796,11.3400715110636,,,,
Nigeria,,,,,,,,,,,,,,,0.230420236137425,0.175064442991168,0.116679544052715,0.195382728813977,0.279011609156926,,,
Northern Mariana Islands,,,,,,,,,,,,,,,,,,,,,,
Norway,,,,,,,,,,,27.4352199032974,26.8792045218679,27.9331100099393,26.3094295255436,27.8063477429411,28.7254576148842,29.3969967915459,28.8042420261485,28.2662620697414,26.5639168988869,26.8767046629989,
Oman,9.36143693382893,7.50779673282246,6.99262724493301,6.14330918094139,7.12258167847919,7.4259011442917,7.53621707348666,8.76262417910528,6.79490076237971,6.68647502410056,7.16174467593237,7.3880450972859,,,,,,,,,,
Pakistan,13.3191108828184,12.2266219741051,12.9939827614246,12.826087119601,12.7520011479056,13.2486245405757,13.8154763785785,12.742472960641,12.8290938044319,13.1653200625243,10.088991145317,10.0426069860065,10.3113109619566,10.7838383738941,10.284545206344,9.6044144249761,9.42741274831255,9.83822565806761,9.85963798961222,9.2774529494998,9.99590470444044,
Palau,,,,,,,,,,,,,,,,,,,,,,
Panama,12.610103139351,13.4655871831299,13.0604992923179,12.4546720531664,12.4296926518315,13.0000885392292,11.1970478754787,11.5182467274891,10.7642350788932,11.0463238567426,10.2043801901811,9.26013127249629,,,,,,,,,,
Papua New Guinea,20.0734672648072,17.7335256268028,18.2841581813876,19.864395636005,20.5960074498671,19.7271538573296,22.4631845408922,23.7232047008306,20.4802911476754,21.7881674633561,18.9759649951725,24.6964496984504,21.0132469649522,,,,,,,,,
Paraguay,9.16648646978871,8.97868589163014,9.98988645529565,9.07934654802905,11.0344312869003,12.508016574026,11.5337104263506,11.5727994023757,11.5127464520789,10.5417672017551,10.8577795372006,10.7741909407432,10.1270007713049,10.308038825562,11.8714265670031,11.8487801003582,12.0424491506858,11.4103065741814,11.7573925555033,13.0214049286116,13.1389511662886,
Peru,10.7712108627666,11.0397692959037,11.9880655232352,12.1694119594318,12.9723489280164,13.6095350249604,14.0470397908784,14.1585694779218,13.9183681017402,12.6542837446243,12.2322286777148,12.4413936747647,12.0518972076189,12.8404436317119,13.0909512412381,13.5169375836647,15.0486880128829,15.6330945003956,15.6954475376825,13.7486429685413,14.4959789413234,
Philippines,14.0823235741067,14.6052398576615,15.4417972134402,15.6104925406438,16.0257470471348,16.2919718292863,16.9386377595512,16.9842871700876,14.1083167760748,13.3064040026905,12.8475489567751,12.5966578889827,11.8230392309249,12.1032913922912,11.8146208972157,12.427810704011,13.7112964958434,13.5351039887753,13.5888116818646,12.2304197029492,12.1468921266556,
Poland,,,,,,,,,,,,15.9884242987106,17.0080066487092,16.9585462239491,15.694433327781,16.6737177388025,17.3580772637781,18.3075742498111,18.3050919217959,16.3409673908674,,
Portugal,,,,,,19.251726701343,20.2042342289187,19.9654064079711,20.0452451382314,20.5899391040389,20.5446566795139,20.2348757465359,20.7313746916057,20.8034964386705,19.9306086228548,20.6484335448474,21.3361441393948,21.666810379449,21.5190969345244,19.5545555109802,,
Puerto Rico,,,,,,,,,,,,,,,,,,,,,,
Qatar,,,,,,,,,,,,,,,25.5553435445541,21.0484784382061,20.1791535021434,20.3402145475329,16.5787018243493,19.8201126222545,,
Romania,,,,,,,,,,,,,11.7406540601544,12.2786381710207,12.3017458561567,12.2084083331367,11.3755684711176,11.8110950384181,17.8879978331571,,,
Russia,,,,,,,,,,,,,13.6491915073076,13.3140302040264,13.2340253896688,16.622909683005,16.5682157585875,16.5513130625047,15.8180678239645,12.9633160294342,13.4459588268243,
Rwanda,8.78380627032784,9.26006395908355,9.04825873576215,,,,,,,,,,,,,,,,,,,
Saint Kitts and Nevis,19.632841346132,19.5453590599259,19.3419454199186,20.2102254844942,20.2939691842208,,,,,,,,16.2393798851936,18.1538333608243,20.0682806487632,22.6884041086238,21.6076620248795,20.9676248710917,20.2313987458916,19.7167749995872,17.5966750789473,
Saint Lucia,,,,,,,,,,,,,,,,,,,,,,
Saint Martin,,,,,,,,,,,,,,,,,,,,,,
Saint Vincent and the Grenadines,22.1429105314299,23.4779432409794,22.0295108916189,22.4293852221535,23.5235000892584,22.7936056575464,23.4969092907527,24.4031897281654,24.8893050488412,24.3627516628722,20.6316809971381,20.2878896220566,21.8471642390424,20.9217543936916,20.6102250105523,20.4720266771128,22.0084276818162,21.7685590540567,23.6134816252304,22.9178731068057,22.1490599757454,
Samoa,,,,,,,,,,,,,,,,,,,,,,
San Marino,,,,,,,,,,,,,23.5180579679144,21.9686489145729,20.6981250405278,21.9880604195298,22.3701316071734,22.8453415523114,22.2648992405551,,,
Sao Tome and Principe,,,,,,,,,,,,,,,,,,,,,,
Saudi Arabia,,,,,,,,,,,,,,,,,,,,,,
Senegal,,,,,,,14.250776667352,14.7074053576416,14.7894273595515,15.5090447767523,16.1295760076734,16.1153634158383,,,,,,,,,,
Serbia,,,,,,,,,,,,,,,,,,23.6093441999868,23.111009858207,22.5037801228105,22.0173030201567,
Seychelles,,,,35.3599934842808,31.9671464584858,27.6340798281134,26.9378449724022,26.9649420412779,26.4361353200262,27.2180993299883,26.0808926080893,25.2572087025707,26.1380284637924,32.728990108362,35.399724596638,28.3899205984365,25.9328341445152,23.5849768746339,23.4901370838117,27.1408314744546,28.8419457045917,
Sierra Leone,5.31681336775558,7.46981989607886,10.1278234675759,11.8341798379112,12.1317186866261,9.04221993783493,7.6611861529377,9.91106072843444,7.19960126924218,6.29415872256603,10.1603881283355,12.0347690150228,11.376618724081,11.5150552292868,10.7835381515584,10.7663887734526,11.1801128608802,10.2178331753594,10.5257925070766,11.0401244806723,,
Singapore,14.567285972843,15.2756248478715,16.1405115627438,16.325544790348,16.7161024903855,15.9044017899543,16.0832918553048,15.4399720555768,14.1490503457665,14.7725795677841,15.1343212528162,14.9335512336121,12.9544453310084,12.665246988168,11.8450769145157,11.7965910740229,12.0992816646949,13.0815873318778,14.0618521458516,13.719384142756,13.7680873051471,
Slovak Republic,,,,,,,,,,,,,,17.2340170760856,15.8410137538228,14.9149156883265,13.9405048158417,14.1944237857431,13.4943443979309,12.4241717986118,,
Slovenia,,,18.7689661611361,19.7129812566145,21.4949082141464,19.7791113872916,20.2630134912642,20.5586921791495,20.9693634459618,21.9271783153469,20.4625182274265,20.4193142571093,18.8105355801648,20.7384412494901,20.4877951053944,20.5412927122698,20.9953420116775,19.647877189358,19.929313958451,18.0713580502485,17.1270546856639,
Solomon Islands,,,,,,,,,,,,,,,,,,,,,,
Somalia,,,,,,,,,,,,,,,,,,,,,,
South Africa,,,,,,,,,,,23.9556879283642,24.8053194140807,24.1963442479886,24.0011881776326,25.3346880778479,26.8603421081777,28.3804320643287,28.8735649743126,27.932417499546,25.5357644443647,,
Spain,,,,,,15.8625238984358,16.0918424412531,15.5792276964048,15.5672084716576,15.9926337461332,16.1594445493389,15.8289235144958,12.7869216654827,12.1891001610619,11.7620760913248,12.8851266296358,13.4855387266277,13.8712736239923,10.4750929122049,8.55885774361096,11.168925767299,
Sri Lanka,19.0208338512791,18.3047979696249,17.9534568745988,17.4699988990422,17.1679756304785,17.7520171555561,16.950690509915,16.007674050544,14.4764269842611,15.0120618754318,14.5027689482572,14.6255051951688,13.5562948759716,12.7106758527447,13.4659689569891,13.7325290221471,14.5772591775899,14.2216085895166,13.2773314246342,,,
Sudan,,,,,,,,,6.19716329332189,6.38661722838147,,,,,,,,,,,,
Suriname,,,,,,,,,,,,,,,,,,,,,,
Swaziland,,,,,,,,,,25.056044327891,24.3088178303733,23.9756469190641,24.0795089970707,26.1011964178764,,,,,,,,
Sweden,,,,,,20.8424630092701,21.0802544884744,21.9373839878985,22.5155356183433,24.5029860817865,23.6495049321392,21.4560519225913,20.3708417395432,20.7081155911095,21.3499504125771,22.5860708643647,23.2560927566158,22.4244710043256,21.6522070205223,21.630670981042,,
Switzerland,8.81196509404874,8.54522334024817,8.71133078034946,8.02984213438768,8.61298793130186,8.70826951094239,9.16683858188061,9.12625913185122,10.1583123919141,9.734494660705,11.0872137862478,10.0390244845743,9.95144178837123,9.95113442407888,9.97907911391086,10.3085831957633,10.4272074030572,10.0015476644034,10.8756064303013,,,
Syria,16.7120091827912,18.0897022762578,19.3961736135403,17.460574494568,17.4698330965558,18.6290117780989,15.6427451701293,16.2976191009546,,,,,,,,,,,,,,
Tajikistan,,,,,,,,,7.68973885367496,8.20972872475386,7.70282274237956,8.2018881308843,,9.70952974513639,9.82118344049536,,,,,,,
Tanzania,,,,,,,,,,,,,,,,,,,,,,
Thailand,,,,,,,,,,,,,,15.4603267170533,15.91719450988,17.242838075741,16.7446565231419,16.1220728389033,16.4462925140626,15.1630344174357,15.9720018791031,
Timor-Leste,,,,,,,,,,,,,,,,,,,,,,
Togo,,,,,,,,,,,,,,,14.389749303772,13.8848838477434,14.8105869486524,16.1950462250652,14.9089234071365,15.3698822172377,15.8005411991646,
Tonga,,,,,,,,,,,,,,,,,,,,,,
Trinidad and Tobago,,,,23.2231005594812,21.386681044921,22.7105944023751,,,,,,22.1212859407496,20.4554983123112,21.4333084153935,22.701230150516,26.3786972845196,30.2576088175177,25.9952903378909,30.2387714808044,26.2147546319721,,
Tunisia,19.9534010743641,20.3844107475392,20.4993506398751,21.0079792675442,20.7641427107969,20.4858138143774,19.8376192549157,18.4410331511459,19.18316383043,19.1311664547799,19.2923685337066,19.597497669027,19.5406246580672,18.7452117840292,18.6721938282889,18.8775047168685,18.5107559429235,19.0641272158206,20.4912073842058,20.0172543467681,20.0991792389421,
Turkey,,,,,,,,,,,,,,,,,19.6971246962356,18.7283076262562,18.5865904259682,18.911771628199,20.4751587785947,
Turkmenistan,,,,,,,,,,,,,,,,,,,,,,
Turks and Caicos Islands,,,,,,,,,,,,,,,,,,,,,,
Tuvalu,,,,,,,,,,,,,,,,,,,,,,
Uganda,,,,,,,,,10.0247680063406,11.4501591138825,10.4439529546881,10.439585342062,11.1799833915401,11.2611357118555,10.6889187105462,11.7595526731609,12.2519599984198,12.3938070736427,12.9034290841627,12.1667963045742,,
Ukraine,,,,,,,,,,12.9917508808824,14.1003704357029,12.0613644154954,13.0987018156858,13.6544779929267,13.2756561345588,17.1230847294836,17.7475452675994,16.4845968884369,17.8831102804054,16.4108305185883,,
United Arab Emirates,0.378777703156481,0.331311295231654,0.434428864156856,0.295298726738492,0.714623648999352,0.849530754728708,0.97341528436019,0.992336343973077,1.07587239217888,1.1224470054107,,,,,,,,,,,,
United Kingdom,,,,,,26.3276900879081,26.2776215707294,26.7393402272013,27.7723306094964,28.0326331643468,28.441884619403,28.2160283861495,27.0559473594156,26.3429172725924,26.5706063857215,27.2447723496602,27.9591930434887,27.6376515511497,28.8448743609951,25.9893073449587,,
United States,,,,,,,,,,,,12.5094050166603,10.3752903627882,9.84933989827941,9.97618584018354,11.198327464089,11.8936278700079,11.8903894247946,10.3240142968056,8.47690202250369,9.29353880730902,
Uruguay,16.2025863999242,16.7932403160897,17.2408574744059,19.389494107735,19.0344093835043,16.8787580283368,17.3511022349298,16.7807924544678,16.9828417694613,15.2782851689813,14.6991370360034,15.305981581442,15.7776762191992,17.2060058983263,17.8462046158179,17.896921960852,18.9880555711648,18.4105090872688,18.2418412729169,19.4772161707505,19.4827853476004,
Uzbekistan,,,,,,,,,,,,,,,,,,,,,,
Vanuatu,21.5208715348938,,,,,19.0824848415513,19.7984739512979,19.2849915682968,17.7349916287969,17.1253469010176,,,,,,,,,,,,
Venezuela,18.104711980291,18.2654995226193,13.6048474140753,13.4499330773933,14.0583041061617,12.9233377725702,13.956445755389,17.4708023247943,12.6968412012029,13.4921408182042,13.286603548683,11.7962760067401,10.950458199406,11.5341551032862,12.9281172002994,15.5137289149198,,,,,,
Vietnam,,,,,,,,,,,,,,,,,,,,,,
Virgin Islands (U.S.),,,,,,,,,,,,,,,,,,,,,,
West Bank and Gaza,,,,,,,,,,,,,,,,,,,,,,
"Yemen, Rep.",9.28168804660782,11.3988372357096,8.60532611316136,8.43372570951394,7.53490196544572,8.56166498151479,10.7395906788356,10.9364255727263,13.0011034752486,9.20682065155729,,,,,,,,,,,,
Zambia,19.482883667843,17.4938306192652,18.7109261093925,15.0401714418581,18.8343652970956,17.1753149271536,17.7156221568524,17.6627376554657,17.6910695872629,18.4321380583603,,18.6214007328273,17.4250368674306,16.6532433957919,17.5190315060848,17.1716977521992,16.3440590082821,16.8894455784837,17.3943921581481,14.9616540680046,16.5794230184127,
Zimbabwe,21.5669493013052,19.9628673383471,22.0542577887592,22.9686210236478,19.847754219627,23.1574756006715,22.5995893657322,26.0534211212986,,,,,,,,,,,,,,