CO2 emissions (kg per 2005 PPP $ of GDP),1960,1961,1962,1963,1964,1965,1966,1967,1968,1969,1970,1971,1972,1973,1974,1975,1976,1977,1978,1979,1980,1981,1982,1983,1984,1985,1986,1987,1988,1989,1990,1991,1992,1993,1994,1995,1996,1997,1998,1999,2000,2001,2002,2003,2004,2005,2006,2007,2008,2009,2010,2011
Afghanistan,,,,,,,,,,,,,,,,,,,,,,,,,,,,,,,,,,,,,,,,,,,0.02301330166322,0.03266133508837,0.036038514724004,0.031306457615237,0.028009153539401,0.02586674659971,0.02847997691383,,,
Albania,,,,,,,,,,,,,,,,,,,,,0.456299371607407,0.612678133298636,0.592454734780554,0.611853695813812,0.635389216961802,0.62866118434108,0.608405636554035,0.566623153048343,0.565724677345425,0.631580691978517,0.58214752509008,0.438495607829762,0.284033655611384,0.254377748348517,0.193346158704405,0.184600197166254,0.163552742715178,0.139412239188101,0.140450337603905,0.217769839295556,0.205441367498731,0.204785866767421,0.231091691351567,0.250045804473767,0.220374017162905,0.240065093432153,0.210233441715579,0.210218647277227,0.181931563587982,,,
Algeria,,,,,,,,,,,,,,,,,,,,,0.556157425521095,0.376959029858474,0.299592214305071,0.380910676348504,0.487365616124618,0.481101780233131,0.502167762629357,0.557710433566707,0.562189711724776,0.513468160256297,0.50206563171445,0.524673305424178,0.520477271760863,0.533016299973108,0.563134431772849,0.594932122361539,0.582809780580789,0.526492250575159,0.608210394707298,0.507006274152219,0.473539901094143,0.442446197402572,0.455473026166148,0.433950164041506,0.39894850529572,0.454387464972538,0.446209848354549,0.455168729637782,0.438833310379978,,,
American Samoa,,,,,,,,,,,,,,,,,,,,,,,,,,,,,,,,,,,,,,,,,,,,,,,,,,,,
Andorra,,,,,,,,,,,,,,,,,,,,,,,,,,,,,,,,,,,,,,,,,,,,,,,,,,,,
Angola,,,,,,,,,,,,,,,,,,,,,,,,,,0.162064350157727,0.156297453706872,0.180754072329333,0.150986703726701,0.146837836139839,0.130244397950018,0.129971142081192,0.14124482329234,0.246261769462655,0.159575256295082,0.409106543128347,0.35050495664114,0.228559162648048,0.21187101300112,0.257119866271484,0.260097539059797,0.257213917022246,0.292379043376555,0.202552333946477,0.377698289280843,0.319197390008659,0.312923013920581,0.288085886031741,0.245289667081024,,,
Antigua and Barbuda,,,,,,,,,,,,,,,,,,,,,0.277777155710523,0.198448170544173,0.546528880205003,0.150104577495042,0.237852235293323,0.374430623363082,0.332179329489811,0.338410789020514,0.333846711900782,0.315625994325414,0.323576589022058,0.309384059357561,0.306781984487454,0.305646428788524,0.290879324215818,0.314272247926295,0.294429022916469,0.29347349890179,0.278028966733601,0.278760607960709,0.271801923637196,0.265920711901311,0.273172806128182,0.278371903706233,0.27234629986884,0.26375395650671,0.241155524557975,0.22357094703528,0.227551063429422,,,
Argentina,,,,,,,,,,,,,,,,,,,,,0.383645723645542,0.381740461049781,0.407092584265448,0.398686705923742,0.39491278598175,0.403560569202761,0.387543329602609,0.415357636108877,0.450476201546214,0.469413690819087,0.462560559701143,0.426614517117445,0.3955218800236,0.364733889353363,0.358397430501854,0.3664915386322,0.366200925766594,0.353039719448942,0.347513280894518,0.380106500750897,0.371512382998446,0.386980372555108,0.406268939078445,0.404365252959833,0.403837967128447,0.379249612507937,0.386178946395984,0.372025788739014,0.364881581650156,,,
Armenia,,,,,,,,,,,,,,,,,,,,,,,,,,,,,,,,,0.687933047191573,0.600294542693107,0.576667551924442,0.63479901345126,0.447831718085933,0.544996648849234,0.527803547707444,0.458693219335667,0.490785946055854,0.457929609345591,0.343013833801385,0.3433832511924,0.330459325596582,0.346276766590225,0.307967029546198,0.312691305067358,0.320931807234749,,,
Aruba,,,,,,,,,,,,,,,,,,,,,,,,,,,,,,,,,,,,,,,,,,,,,,,,,,,,
Australia,,,,,,,,,,,,,,,,,,,,,0.759984682338679,0.766950355558352,0.755090983164228,0.742925337169572,0.746854233653815,0.724323676584189,0.689157710243855,0.717203012048409,0.690750353169647,0.706878200906664,0.705969616850541,0.69337517800085,0.721932759048591,0.711636687731334,0.688659590793161,0.670132571608444,0.688902086781836,0.671362673633077,0.667496750604666,0.59560837058705,0.580152180210767,0.560195024247636,0.566595123050485,0.556803966375329,0.538825377254025,0.550568230152082,0.54863190580859,0.534568764243085,0.539721863241074,,,
Austria,,,,,,,,,,,,,,,,,,,,,0.330016019484351,0.354658507202149,0.333862505420308,0.312940182477344,0.328193786796601,0.321208562353408,0.310379169677313,0.327000940714578,0.293636736917552,0.287171590165054,0.310529816761058,0.324792797395749,0.292855000025736,0.280592186923552,0.271560307549388,0.278101701539124,0.273344270509095,0.268507293493353,0.267943963835154,0.251483090462553,0.242715672646399,0.247850459800677,0.249396302849987,0.274587295015333,0.266923230470595,0.268856450176378,0.25146381986564,0.231320958585044,0.224549172911119,,,
Azerbaijan,,,,,,,,,,,,,,,,,,,,,,,,,,,,,,,,,1.68872422792521,2.15188340516416,2.62395679840966,2.3575095688779,2.18724895701885,1.96263098080368,1.88114943828199,1.62427703815874,1.52420810980674,1.3366230246998,1.23185332024154,1.15042520106747,1.08079673267753,0.914151057378983,0.774758786191007,0.665560529061865,0.67041358284367,,,
Bahamas,,,,,,,,,,,,,,,,,,,,,1.45675687406199,0.562682839115415,0.425888133329117,0.366459234752846,0.295295697670972,0.229362085991049,0.210547536341419,0.206038896714687,0.21799670734954,0.258237629511623,0.262920824428808,0.250669525707963,0.262249437685293,0.250217007798852,0.243096746401682,0.234388449718451,0.224890146438195,0.22174658573065,0.21800034534695,0.203880654929334,0.195758166263408,0.190749788093976,0.215291210460287,0.195783408977886,0.208530112904901,0.211619311807765,0.209295887968771,0.207373183084572,0.210895989444359,,,
Bahrain,,,,,,,,,,,,,,,,,,,,,1.04240326655316,1.18999437202153,1.48547352456447,1.1679436762827,1.24463321854036,1.44681226797698,1.54459699761849,1.45221691054225,1.4442966578451,1.3887325792484,1.34633595950834,1.17156664089231,1.01094136371399,1.28054577295844,1.29339344216846,1.3070086862017,1.22409058981203,1.31641472398467,1.33497192110382,1.25315784104058,1.23125447346162,0.879357668832306,0.941656388516708,0.921500338363485,0.915380443975151,0.914036156525857,0.929956573853685,0.913410251615602,0.899173966116825,,,
Bangladesh,,,,,,,,,,,,,,,,,,,,,0.139980770799373,0.140032846489314,0.148291448479886,0.136547104682034,0.143809367951045,0.156285605753666,0.167910559724508,0.16751336589881,0.187238252017243,0.181236537829687,0.197509809352745,0.196135681928746,0.207903213577542,0.194988856523795,0.204148470082856,0.234020802404082,0.235581802471986,0.233158243972621,0.212530771967171,0.212709238375794,0.221724046428883,0.245261490613627,0.24394171780785,0.23261784207685,0.25714612776822,0.229971191594397,0.267176328325891,0.252579275656106,0.235810637204995,,,
Barbados,,,,,,,,,,,,,,,,,,,,,0.181538808849222,0.190610836371611,0.188858562595254,0.200302132143982,0.211404745793968,0.238171873360425,0.235546997304496,0.239695675010514,0.226473734594507,0.225637058616804,0.25722212542987,0.297489254599042,0.254077445959837,0.286455302037861,0.184878022579538,0.201808631465939,0.203435346910181,0.202746530484102,0.246193400594177,0.254632411674935,0.244353822472536,0.264509881404228,0.275879748226434,0.279329573635927,0.27485018671824,0.278446596550083,0.272888908950997,0.267234480672005,0.267479198741305,,,
Belarus,,,,,,,,,,,,,,,,,,,,,,,,,,,,,,,,,1.49418007312368,1.37612266990907,1.3797650192793,1.45124797751039,1.36713481037778,1.214213881854,1.08396155063171,1.01594877887213,0.919817646825378,0.863978206530987,0.819270549488848,0.784810616850277,0.76316179099373,0.707165969932715,0.672996063669848,0.603886321692337,0.571018844680758,,,
Belgium,,,,,,,,,,,,,,,,,,,,,0.659964745620515,0.606636579245904,0.57162915469949,0.49263223597761,0.49871267887287,0.48610329809555,0.470177447707845,0.460690626776471,0.428132612273857,0.443079740132852,0.433632822032817,0.461586206023123,0.442235202195605,0.425256003248608,0.428535451192871,0.417334826866536,0.435687200728351,0.408309672244923,0.410536135041505,0.385387429410777,0.371321986759504,0.365334999575802,0.337711992848755,0.357766689581116,0.335720718161456,0.317652931035881,0.308427564903057,0.287706767508901,0.291513389848589,,,
Belize,,,,,,,,,,,,,,,,,,,,,0.390798516345148,0.370979814633868,0.349711247765705,0.357234664205837,0.350374525938719,0.383556421909354,0.394992813190769,0.393211681426139,0.394794882453318,0.420967940944236,0.394445291289843,0.411569574203738,0.363607025367319,0.363295689197552,0.359201231977431,0.360401941011891,0.289779878793406,0.353154628323244,0.324362148709596,0.484174729899695,0.491008156966613,0.482747974554657,0.232031669878413,0.220910494516718,0.215294311662401,0.217004003996887,0.213115525699185,0.219769615352732,0.212158506388109,,,
Benin,,,,,,,,,,,,,,,,,,,,,0.126274091110551,0.095294767350449,0.109145007856164,0.104944333654576,0.108037606316091,0.145684047170076,0.132754581571544,0.104825955859559,0.105511636290317,0.124228937362442,0.134117095412084,0.148428714736837,0.155966536414136,0.188482679296504,0.201625826744093,0.202248942015552,0.182620374758659,0.165560265429555,0.157892106610829,0.194091647120843,0.189911020838973,0.194401952008796,0.219782959087731,0.239108024719053,0.239612530000109,0.249238105639922,0.347845697780032,0.345955043656759,0.345034743592245,,,
Bermuda,,,,,,,,,,,,,,,,,,,,,,,,,,,,,,,,,,,,,,,,,,,,,,,,,,,,
Bhutan,,,,,,,,,,,,,,,,,,,,,,0.061769609391363,0.07340263173476,0.060787053039888,0.09884888099189,0.115028183289425,0.0940173038992,0.145970824173061,0.135904158722419,0.072520571496385,0.136856261159934,0.190111203481521,0.21544493611224,0.180470762268125,0.198280594721592,0.219231790030638,0.251983872588417,0.311093914297992,0.286495609230255,0.26808808884141,0.258843332559993,0.250817419093139,0.285308513635238,0.238366961355112,0.22251739821626,0.297265192194898,0.172011324194064,0.20040469049229,0.242360308434639,,,
Bolivia,,,,,,,,,,,,,,,,,,,,,0.23077542619652,0.236287858052162,0.223204126146041,0.229468329068193,0.21656629582767,0.224855735519036,0.211306693025188,0.220041512261295,0.22860688402983,0.255312745549333,0.26890311408928,0.268213774682319,0.303550001822876,0.351978832976673,0.372642711000408,0.376653210918498,0.334511197336492,0.359129892242034,0.358749246241807,0.337942314060644,0.321259575950831,0.293059708031294,0.27027705902012,0.363265967585216,0.32163293221632,0.298342340398843,0.28945267124827,0.345294615245385,0.319811443479334,,,
Bosnia and Herzegovina,,,,,,,,,,,,,,,,,,,,,,,,,,,,,,,,,,,0.804364707792444,0.649722640474781,0.521107638876718,0.902916902500565,1.01385591030029,1.07013246006582,1.2564861378393,1.07256780583968,1.12781335647404,1.09951437981328,1.09739342770471,1.0874523397916,1.09735800637699,1.08388863948682,1.10932268110572,,,
Botswana,,,,,,,,,,,,,,,,,,,,,0.288463230104888,0.270387144587111,0.262975434359729,0.217699905873883,0.203416147078145,0.210540530072366,0.222350065562674,0.230666295404231,0.203246307231403,0.197298024233494,0.226779136984657,0.208196129545814,0.310346828984529,0.324157989973436,0.312809523393908,0.300867242538816,0.253897339107811,0.235844906575394,0.254441763120272,0.224098061966344,0.255195704255619,0.249959103777768,0.237343746152236,0.212372915943289,0.205562253724223,0.209016103101445,0.195905697615469,0.194470292343814,0.197268728949169,,,
Brazil,,,,,,,,,,,,,,,,,,,,,0.203152599284866,0.195129079294078,0.194421601116132,0.19480314079046,0.187467375729961,0.186468398284881,0.189475017659535,0.190843113201289,0.192727063262129,0.190761517777538,0.194548021869716,0.201231976665919,0.203443537940328,0.203211611296796,0.20246492525972,0.220653171239232,0.236139001686932,0.243561888254794,0.238021670444264,0.243517542085277,0.239299495675699,0.243193974661765,0.233614852946971,0.223772176110069,0.222379004046509,0.221128592975773,0.21427960425455,0.211043520748119,0.214218661935426,,,
Brunei,,,,,,,,,,,,,,,,,,,,,0.451184434791044,0.120227698761887,0.164681180478083,0.211783359296563,0.149189999180012,0.205019071995219,0.186631419839524,0.26407467611564,0.449970922099597,0.505039949017592,0.505369588697501,0.443786408868815,0.423093534450132,0.405831207981966,0.380805001294559,0.371647032847206,0.366533362300138,0.3863891526014,0.400081236205754,0.29831046081393,0.411707799041219,0.380451369472116,0.314471258848263,0.307702975432706,0.306368515245704,0.291826187771413,0.262937075057486,0.520475041745274,0.588174169410774,,,
Bulgaria,,,,,,,,,,,,,,,,,,,,,1.499773106325,1.48242159152666,1.62506678422716,1.57526190552645,1.47294490317277,1.47015548892387,1.44251433943829,1.36179743053462,1.16970967208988,1.20361097272222,1.18424000105014,0.993556788726783,0.961909281784694,1.26285086382615,0.999143130298377,1.04017836417065,1.08390704552896,1.04351779565694,0.945312019337208,0.799630834234827,0.748567752821728,0.766984568422059,0.704207186391905,0.707436270098824,0.655419925804459,0.631016916626043,0.604939085759558,0.613492367206308,0.552807703054774,,,
Burkina Faso,,,,,,,,,,,,,,,,,,,,,0.096383788411702,0.11908783957485,0.112269748617797,0.115445793493422,0.092142740946541,0.086916357698323,0.08113070333534,0.087530754171569,0.088603510267758,0.128671537900828,0.092465743660523,0.090604912089799,0.090923177358106,0.087370330768853,0.088757846662273,0.081573283088476,0.082933210696958,0.088918435465383,0.088512789563001,0.089073948224152,0.097788322117527,0.087817812203925,0.084492774222824,0.083910058298235,0.082102691925589,0.07873720288913,0.09018683529781,0.105358002416301,0.113079117908166,,,
Burundi,,,,,,,,,,,,,,,,,,,,,0.082502397300381,0.079072295858953,0.079914272487904,0.10034621150099,0.107346826477777,0.100832851258161,0.102309182542552,0.10725766410153,0.097923271257498,0.113182714499489,0.110689070897026,0.119392841755718,0.109396977768141,0.123383276875527,0.129691587241614,0.137817681200392,0.14815565346435,0.143858304801162,0.130947227548374,0.129056867087706,0.133426573112601,0.09406818605405,0.091589995166026,0.069543519870265,0.064862859666983,0.06574530779832,0.075048151589045,0.067074159236518,0.062902132007241,,,
Cambodia,,,,,,,,,,,,,,,,,,,,,,,,,,,,,,,,,,0.061123895591576,0.063352300317796,0.158713698213951,0.170537488495488,0.189101478614664,0.210902736833154,0.185363315541502,0.174974914119538,0.189870224110766,0.192531197566618,0.194044881734468,0.196682841894061,0.184776017980102,0.182585885541269,0.180578545090162,0.175402426036291,,,
Cameroon,,,,,,,,,,,,,,,,,,,,,0.213632183261799,0.249622632977406,0.275674499067609,0.267951158266112,0.22919855649595,0.226733067942573,0.065774186326833,0.062178891797658,0.080387806946424,0.282836347735336,0.068546463437136,0.045552591716193,0.160578371730698,0.170374500423935,0.171126571271423,0.189370957639856,0.190204515265506,0.12646605809145,0.120124285439304,0.110465661879556,0.118128899505514,0.112664308915514,0.10820554548231,0.11550777305266,0.116119667798541,0.106043350624098,0.118530396688236,0.165628727329049,0.138376579617839,,,
Canada,,,,,,,,,,,,,,,,,,,,,0.755322629286235,0.708564821412843,0.701694189436982,0.677802447750337,0.655958069431137,0.618554360917149,0.581940002694917,0.593563083424948,0.596455392372989,0.589297951703465,0.601126816135705,0.612576462518495,0.632408534271528,0.631529925050583,0.573041145060082,0.563885769924239,0.564670207033622,0.559549497770536,0.532683025671881,0.503694064076981,0.538275651527236,0.518734504067494,0.498928775489632,0.519415416944538,0.505872606461605,0.497170062759575,0.471412910114753,0.45745483639656,0.454258418468229,,,
Cape Verde,,,,,,,,,,,,,,,,,,,,,,0.109682067037314,0.115625202442878,0.104354875850973,0.217425685711783,0.201506659603135,0.13675955688866,0.183245522098847,0.15716202988575,0.163557218320826,0.177178806247352,0.181990185505916,0.197391678621449,0.184378101741524,0.18474546873048,0.177592312933784,0.209315237528478,0.203817049528223,0.204371772911841,0.210590924610793,0.195567297783024,0.205935676316644,0.229919272040386,0.226189562530211,0.226336681373104,0.236090025305642,0.225068600775247,0.209617806933638,0.195062471250816,,,
Cayman Islands,,,,,,,,,,,,,,,,,,,,,,,,,,,,,,,,,,,,,,,,,,,,,,,,,,,,
Central African Rep.,,,,,,,,,,,,,,,,,,,,,0.048953139688054,0.063437247098111,0.062076625970622,0.069299959316607,0.064880753895196,0.066996968385873,0.064682644812268,0.109797187267538,0.09578744641699,0.101384925775375,0.082278609027655,0.085799946923613,0.096602188416214,0.09954322393599,0.099560336733819,0.09287344643827,0.096743174734592,0.096180444931159,0.093233982505901,0.095287964884764,0.094439305114742,0.086451547207853,0.08695815586414,0.089896652699246,0.089006586830937,0.086920494952087,0.088972086595946,0.087059305336665,0.087826238688594,,,
Chad,,,,,,,,,,,,,,,,,,,,,0.070564456317735,0.069836122757514,0.065128748113615,0.056301409074988,0.058126600704096,0.03963669853385,0.043010050212975,0.04665454080318,0.013466570761314,0.019972400121579,0.02977619004977,0.013031439073398,0.0152412455204,0.020342114202551,0.019153914998828,0.018919960359069,0.019171133643561,0.019396708747966,0.018135972149954,0.019438772570865,0.028525511798278,0.025014953357667,0.022566547416443,0.0444728721047,0.032960753855639,0.029728155234437,0.030213199573537,0.034227609162447,0.036819717257365,,,
Channel Islands,,,,,,,,,,,,,,,,,,,,,,,,,,,,,,,,,,,,,,,,,,,,,,,,,,,,
Chile,,,,,,,,,,,,,,,,,,,,,0.421138638303616,0.390768809350098,0.365860347385463,0.384385034087404,0.379240480882084,0.342924724008611,0.335992753369864,0.321234015900175,0.355509124275863,0.386755925408608,0.401934231524663,0.351887597994146,0.324101874098022,0.322213263094371,0.337217550848622,0.331133712856237,0.350090149722539,0.378316158427299,0.378888697776988,0.402751179565603,0.372250799560761,0.323681459809028,0.328804773742378,0.318314945017371,0.332241936340542,0.321657690435608,0.31666188468238,0.323012175671914,0.324983064434529,,,
China,,,,,,,,,,,,,,,,,,,,,2.85380289101843,2.68372861102346,2.67808988205984,2.54746417265681,2.40750438923311,2.29838239728911,2.22249933639488,2.1269556741351,2.04920454960647,2.00092829432267,1.96945760899837,1.8942640993459,1.73024840009571,1.62062341703324,1.52228425053912,1.49027987909529,1.41306922811704,1.29523257198302,1.15124265539439,1.06790405733552,1.01101907688443,0.956122010868911,0.928306613499239,1.03373441010066,1.09721355493913,1.07937102454725,1.06102913989872,0.983753040865412,0.929317318456506,,,
Colombia,,,,,,,,,,,,,,,,,,,,,0.311592546260786,0.305401917868893,0.312438872878353,0.33124557024346,0.317450589985693,0.304159612393932,0.291672669376865,0.284618303807281,0.284122526574588,0.278863737753584,0.283245332077861,0.275893809401515,0.285338073444134,0.287606576972322,0.286814722275878,0.24051086043813,0.239275705733669,0.248089615329898,0.250753638825958,0.224208109018198,0.220080941648501,0.210282179110709,0.202913640274304,0.201436810495694,0.179087608029082,0.188230033823926,0.183520195784379,0.176909335546661,0.182325197343058,,,
Comoros,,,,,,,,,,,,,,,,,,,,,0.120230379704453,0.115756482872427,0.108810434556667,0.103805922046213,0.099707673151617,0.112482300460992,0.103059147832108,0.115883718235409,0.119904007993996,0.12384305344673,0.145571003959197,0.153873395188248,0.141778389348571,0.13764098732594,0.145308452329551,0.146923764314999,0.121783390208994,0.117065261356469,0.128425250167418,0.138600922041248,0.142875204069674,0.144283665309822,0.144307565509223,0.152088560261771,0.158100807663147,0.162519340310822,0.176577911010447,0.175715165467946,0.179291901898794,,,
"Congo, Dem. Rep.",,,,,,,,,,,,,,,,,,,,,0.166431626958608,0.175379828487037,0.143343718385971,0.185203380139576,0.172763006472154,0.157960025466665,0.139907022975361,0.1554945501943,0.161393098654328,0.178675380080645,0.177188966126079,0.178491689050909,0.192226032156024,0.209317976815257,0.158324043748454,0.188156503412765,0.20819529248368,0.198676505149205,0.174877198729815,0.162057149284288,0.127498435364098,0.123852037203465,0.118018395734195,0.122686889624696,0.154556711463952,0.150775143310352,0.149032937751975,0.145483249079043,0.151165020219694,,,
"Congo, Rep.",,,,,,,,,,,,,,,,,,,,,0.076708504570025,0.075793174537427,0.174460078057229,0.140112689950106,0.13055586273586,0.148265957448661,0.132733300144442,0.164351030244526,0.182972030725048,0.179207583606194,0.139874382785691,0.145449526370392,0.176280042977931,0.174740171160813,0.257380990838735,0.180332244500098,0.189499059024131,0.260300905252927,0.083278314135395,0.090341048227154,0.107199033262106,0.084858498782607,0.066627436902661,0.101374091841371,0.171736367886381,0.134446736685425,0.115393248046444,0.127543402893365,0.146981160266468,,,
Costa Rica,,,,,,,,,,,,,,,,,,,,,0.164883572117374,0.154138634438023,0.15406644597409,0.151094457873327,0.135331159167199,0.15159826341408,0.164873732168139,0.163163042294806,0.167609965610328,0.161318983494953,0.154299159801847,0.169840572309468,0.176802673656189,0.171604008235574,0.218421812331988,0.194091864002698,0.187746876397771,0.186753031401963,0.183686018534296,0.176285565547198,0.171672315848746,0.178717414817176,0.190701977981321,0.187743193697823,0.188344270252031,0.178156277882038,0.175457066543201,0.177466692824373,0.170578879503474,,,
Cote d'Ivoire,,,,,,,,,,,,,,,,,,,,,0.279402042648504,0.193754848724792,0.264489845253059,0.218064834208863,0.250266072426707,0.324622489919758,0.256000781955101,0.330792753369855,0.38999275805349,0.35243765054708,0.242417397920174,0.235574394451449,0.193745987337217,0.247383235069362,0.218669691673618,0.277249854041634,0.302345825366339,0.278980952915373,0.225222381041764,0.201004823891183,0.226193455764995,0.257392448704734,0.246256633014609,0.187453137259123,0.258477496881602,0.260645504374189,0.236189964231322,0.207639826907992,0.222958422503508,,,
Croatia,,,,,,,,,,,,,,,,,,,,,,,,,,,,,,,,,0.36883615703175,0.400662641613108,0.388751958820833,0.38006958818339,0.377279101157951,0.36897307358079,0.382861610699523,0.388286164360858,0.358779347787878,0.364991648439643,0.367543802757349,0.375352664449918,0.352890857041968,0.339269165344471,0.324287814725782,0.324542391981911,0.303788652667014,,,
Cuba,,,,,,,,,,,,,,,,,,,,,,,,,,,,,,,,,,,,,,,,,,,,,,,,,,,,
Cyprus,,,,,,,,,,,,,,,,,,,,,0.559926941614329,0.51871458032607,0.498084448756864,0.47119285801244,0.44504192722637,0.413569370230288,0.4558365801613,0.494880659872926,0.456305503956485,0.444484611711979,0.443553687245106,0.448624828853139,0.456381732546412,0.486593689057906,0.471380154787768,0.43699126846831,0.445571516726296,0.447985558049216,0.463595565606709,0.449733431626628,0.434186301898944,0.41716084312179,0.419121108440666,0.453681308924471,0.412012846598612,0.40562918988753,0.40440988628854,0.404777041515343,0.407738542448968,,,
Czech Rep.,,,,,,,,,,,,,,,,,,,,,,,,,,,,,,,,,0.938069957996601,0.886816151932113,0.839454569823049,0.803407723732647,0.790721528330894,0.781713548674273,0.760048716443273,0.668781899385586,0.718553796870923,0.699964929296356,0.663669891934828,0.652242044806428,0.62593031385,0.579277708949494,0.55156309478585,0.524604775259858,0.483286227505998,,,
Denmark,,,,,,,,,,,,,,,,,,,,,0.565368733636133,0.488446892690626,0.488338938513675,0.44456322112629,0.432204153238006,0.490793035840972,0.458265783484648,0.453336225206986,0.42860022109579,0.378956546076433,0.385493443151192,0.463655706959919,0.40356947938867,0.424739187565409,0.429579914213529,0.376642280351184,0.455056765209474,0.366252768696529,0.352241212246314,0.311977832002814,0.27958270938441,0.288096665573232,0.30350923844177,0.32593334066853,0.28745848845097,0.260538772587158,0.292578970767675,0.263021012283298,0.245517820777402,,,
Djibouti,,,,,,,,,,,,,,,,,,,,,,,,,,,,,,,0.259772306169291,0.27138094262348,0.281390433766242,0.312008895667996,0.314961160352105,0.32634492387464,0.346170095645073,0.351702338008518,0.327929623759432,0.346725931832271,0.313898901513946,0.293618161517132,0.297025809138956,0.293096844181522,0.317899659272393,0.317993328163615,0.312837795539116,0.297657100680587,0.302492860955222,,,
Dominica,,,,,,,,,,,,,,,,,,,,,0.121653531640199,0.108537455801655,0.114651050711978,0.111645874633413,0.115526566345729,0.123566499652343,0.115398876101282,0.107329131401624,0.114077390065697,0.121979162215142,0.115889295105875,0.115189038529048,0.112878016296437,0.117950209221177,0.129966471692188,0.147573335657265,0.130704642096814,0.141663161417493,0.12881157894858,0.134029642745494,0.174519120406591,0.193569139715536,0.178055300576997,0.183243931209637,0.171642535381415,0.178126162324138,0.164727306014686,0.213372325309181,0.170876513279281,,,
Dominican Rep.,,,,,,,,,,,,,,,,,,,,,0.295954251114987,0.271075799795235,0.273996055737042,0.326853437939647,0.303661827499991,0.303980856170362,0.329365719474845,0.356619134689007,0.35198005542611,0.355371299281994,0.347020654515971,0.364058980197354,0.364227703659008,0.361924181953682,0.375615172655829,0.452355468858735,0.460026455237341,0.442757272042537,0.42381597287975,0.401121558750609,0.404729979012301,0.39985645996168,0.40161049847294,0.403042637366031,0.369693067197497,0.334319900708116,0.318172023910771,0.301066149029359,0.28942086779862,,,
Ecuador,,,,,,,,,,,,,,,,,,,,,0.296443219265184,0.356105126773528,0.413848105546621,0.430489601137666,0.450656154929223,0.400267094969066,0.302375435760703,0.305741732467207,0.322385841169395,0.374633667384093,0.303061547448227,0.282137224546757,0.375976536761667,0.406550824336424,0.21892970806226,0.359905988300764,0.368077925999261,0.270612592910561,0.322333800284954,0.329193047511184,0.315249654025198,0.335069839104247,0.335676426866894,0.349173850646516,0.34667909543808,0.335189758841192,0.325912774807331,0.33070784630989,0.267715646653047,,,
Egypt,,,,,,,,,,,,,,,,,,,,,0.418686779620424,0.454719321554298,0.458728212025456,0.431411706196918,0.454699398416197,0.427200604769501,0.48535929528943,0.47499150321889,0.44940055360654,0.414611522189234,0.412691874918163,0.423191273978645,0.418351522353116,0.466053089905878,0.410501785213882,0.440160552688842,0.446869730133474,0.449231787306531,0.487835871387395,0.471612294204937,0.504458516968733,0.432505249430897,0.428356198383834,0.518509882111015,0.503460763001788,0.524103317784716,0.526664096788109,0.522535798536038,0.51480881279106,,,
El Salvador,,,,,,,,,,,,,,,,,,,,,0.104843219638456,0.100583401724811,0.103488147542049,0.109747619169551,0.091397435109619,0.112406018240152,0.11240052841162,0.134884967846552,0.133588442626775,0.13859734777905,0.133707469143031,0.15928590619226,0.157189481853367,0.166128815667532,0.17835483977497,0.199828889645857,0.182150169688089,0.20561990540752,0.19995507318443,0.189508383484461,0.186947024098458,0.190378204106508,0.188892087216653,0.200340578105808,0.188445084424103,0.184406696361897,0.180942069074263,0.185382033191766,0.162137952147354,,,
Equatorial Guinea,,,,,,,,,,,,,,,,,,,,,,,,,,0.09431427676205,0.118023611709103,0.138693685161623,0.145114130944123,0.162118664581896,0.161904910492017,0.272944254697951,0.264504764885994,0.118092338680933,0.040123279713493,0.126413913095329,0.087011241343538,0.127069725648196,0.059933191627809,0.118824835549377,0.100649276007826,0.42314731048386,0.569922883145489,0.604352838834815,0.340531726345652,0.312471591597302,0.311225787533809,0.258647151638429,0.234588238322199,,,
Eritrea,,,,,,,,,,,,,,,,,,,,,,,,,,,,,,,,,,,0.083526927993232,0.13155333081703,0.141215981881975,0.198365590257696,0.217920921891868,0.228718457780773,0.258585767561581,0.246086051121123,0.229182989893007,0.282522003070439,0.295342287176799,0.28658273554058,0.211826796962511,0.215672639075105,0.170993188050118,,,
Estonia,,,,,,,,,,,,,,,,,,,,,,,,,,,,,,,,,1.99439465575114,1.7115516596439,1.74321492330804,1.49090039590808,1.59429253827546,1.42400288108098,1.24481080299924,1.12518964464409,1.03262605932636,0.977632816803597,0.876609206056925,0.924685805510007,0.876446930971514,0.783933938667372,0.688051906306906,0.757716815096612,0.731680554064043,,,
Ethiopia,,,,,,,,,,,,,,,,,,,,,,0.085777850295652,0.067464992779815,0.077606314033538,0.072099637803813,0.088470227930907,0.098440810023653,0.100772318283278,0.103828185632853,0.110207783376272,0.114518472820636,0.121971615499804,0.132734139208973,0.204178357899535,0.115093948940204,0.077728220265628,0.119782986719577,0.133159025026276,0.162178806068123,0.15567978476174,0.168612194889442,0.115052358086164,0.117869070133273,0.132993054922673,0.12300257615109,0.116212048761704,0.114517442615225,0.112424434532203,0.109928233605088,,,
Faeroe Islands,,,,,,,,,,,,,,,,,,,,,,,,,,,,,,,,,,,,,,,,,,,,,,,,,,,,
Fiji,,,,,,,,,,,,,,,,,,,,,0.364707581765348,0.466284836658316,0.384979431192562,0.341338317444233,0.256771147875896,0.267497155292952,0.259256183598094,0.218731583450222,0.251659892689232,0.266811801891365,0.326960872982012,0.277265544724099,0.28404862591085,0.293421332122941,0.299030131807598,0.312390640610571,0.309168391557526,0.260707098201907,0.247415065702293,0.259400032859243,0.273186047037175,0.34874814515384,0.25842030819653,0.494228566069355,0.534771515698338,0.459903194148646,0.432338855534964,0.406434297769615,0.345678360636996,,,
Finland,,,,,,,,,,,,,,,,,,,,,0.682087450207921,0.598089846806517,0.48291963159567,0.453243268467005,0.444581341317802,0.505016705372033,0.531415391733579,0.555976728948055,0.475931889835067,0.457053167036862,0.441471999588955,0.506061130047303,0.469270094766789,0.500156296277871,0.55199374506177,0.467641431205001,0.529679058133071,0.48815260089086,0.440829296290794,0.412591586996601,0.368539197234679,0.389907827329482,0.414462608802391,0.45824301628233,0.427837827046755,0.338959471173558,0.392834874099599,0.36078871036743,0.318026602827323,,,
France,,,,,,,,,,,,,,,,,,,,,0.452064208268449,0.402800848476603,0.377891667440595,0.361083064281521,0.341235225878268,0.332130561654349,0.31243464907574,0.298719172472252,0.281402928459417,0.283474181830186,0.282161635978046,0.299302350109437,0.273818984217743,0.270151747060599,0.2508723975981,0.261697311553781,0.268701177779887,0.244506221988415,0.254969070335591,0.224044168024434,0.212745722495348,0.220482773343675,0.215417923050277,0.217257153950096,0.21326646540162,0.210580077297549,0.200503923791407,0.191923338512302,0.193465217570354,,,
French Polynesia,,,,,,,,,,,,,,,,,,,,,,,,,,,,,,,,,,,,,,,,,,,,,,,,,,,,
Gabon,,,,,,,,,,,,,,,,,,,,,0.571395312624974,0.538883617429582,0.554558435146507,0.441996156879137,0.446637642655878,0.481919799957661,0.382061139466249,0.373324885202101,0.356462713568555,0.437310894702746,0.34890299273377,0.100309106586041,0.149225659779256,0.221146622094247,0.21775658664671,0.238758987244597,0.211133075093964,0.200296385741351,0.089075715983612,0.086163344702262,0.064294521607831,0.106602616944384,0.106668238734792,0.07812248113278,0.085555775089562,0.100107969629951,0.098736149869876,0.103742485060397,0.126786626689522,,,
Gambia,,,,,,,,,,,,,,,,,,,,,0.207107257176082,0.200448568132702,0.206690481576983,0.186403738200548,0.192314278415384,0.193889173503029,0.174379288100333,0.189543097132914,0.185123659054546,0.171320598768212,0.175561590520795,0.176820089543288,0.171041141179358,0.175264290034172,0.174994193062776,0.179550972473564,0.1756454173238,0.16744081895965,0.175488619876903,0.180395374051092,0.183204509869085,0.177778793445741,0.205228045184594,0.192035225212496,0.183560168783329,0.185190346739206,0.190729652939496,0.212883362069122,0.209373236852647,,,
Georgia,,,,,,,,,,,,,,,,,,,,,,,,,,,,,,,,,1.19675595816587,1.0985302193462,0.749446297260985,0.276507188802045,0.439110207659282,0.433501150905528,0.4701358365304,0.400274855211234,0.410297000402257,0.325340314922474,0.277250274025378,0.278013025767465,0.27334951255387,0.300639434119806,0.319132039143612,0.311544941964976,0.262824606699768,,,
Germany,,,,,,,,,,,,,,,,,,,,,,,,,,,,,,,,0.44473372215527,0.421556835921567,0.418071415612639,0.404493918351492,0.396898977645134,0.403608479724817,0.386542700978856,0.377460380878446,0.341123701887726,0.334067937358154,0.338439925829075,0.328579703456557,0.331702942081003,0.325095620829873,0.315509519898709,0.305110735753159,0.286483356885155,0.283206154527975,,,
Ghana,,,,,,,,,,,,,,,,,,,,,0.23604491958485,0.291223723664485,0.312510401270043,0.393340006313039,0.255638115182799,0.313395067131155,0.272944043284252,0.280828037034915,0.279217300116612,0.2575153987403,0.292942031136726,0.286291864046985,0.279098276272302,0.303125629373223,0.319049012632776,0.327940008262025,0.332575641990029,0.354555908898545,0.339415266578675,0.332736007026792,0.308129914284945,0.3254237643591,0.333689257160728,0.325195581537587,0.294877697631212,0.268068711605546,0.33618938171279,0.325449635710585,0.267595767917667,,,
Gibraltar,,,,,,,,,,,,,,,,,,,,,,,,,,,,,,,,,,,,,,,,,,,,,,,,,,,,
Greece,,,,,,,,,,,,,,,,,,,,,0.312954621272394,0.313519223373363,0.326029145938904,0.351044973892658,0.353486307831677,0.366264063235586,0.355536271520363,0.390462008268781,0.401057088725862,0.421571819587909,0.413277920220831,0.372695705557797,0.413279535116171,0.420795058473134,0.427362888124535,0.422961493010942,0.419530973146988,0.425836274412984,0.42775180912707,0.408081679433676,0.413044163163285,0.405879042867554,0.391816823230256,0.378001889214845,0.367523975910508,0.364972310252922,0.340934024520945,0.334172835433626,0.333335722923036,,,
Greenland,,,,,,,,,,,,,,,,,,,,,,,,,,,,,,,,,,,,,,,,,,,,,,,,,,,,
Grenada,,,,,,,,,,,,,,,,,,,,,0.132870963580364,0.162151488573727,0.164198437867654,0.159530422592803,0.152245855144261,0.149148134276462,0.153090799334705,0.151507142239611,0.186435859340151,0.18831794776533,0.196911824432998,0.192490494161846,0.204763559440941,0.234351195192257,0.263159373922052,0.268141255308895,0.263168569093387,0.293502879812272,0.255803929892137,0.250272467523873,0.222234027125904,0.247801951333884,0.238562512737462,0.231172347690461,0.235208682849748,0.227725183149747,0.243089306803749,0.229856174619932,0.226592994349746,,,
Guam,,,,,,,,,,,,,,,,,,,,,,,,,,,,,,,,,,,,,,,,,,,,,,,,,,,,
Guatemala,,,,,,,,,,,,,,,,,,,,,0.165507664415211,0.144657193460444,0.137062038831138,0.12332655901,0.132058806731732,0.136855902684533,0.143486320728997,0.149562372372584,0.148717906323599,0.147273893284261,0.171089834898314,0.163980836032021,0.186265459869586,0.168523601411992,0.195794020233271,0.195464869939248,0.176247217346535,0.192896188704396,0.211652687073812,0.207910354026958,0.222836797287903,0.233380641715188,0.236245109421031,0.220053791005088,0.224032711073393,0.235347078909458,0.225757591154547,0.223397033601816,0.19936419202556,,,
Guinea,,,,,,,,,,,,,,,,,,,,,,,,,,,0.239374787279102,0.230875967187804,0.224388731682693,0.219603884476664,0.212717467533532,0.210898801332041,0.204218908456234,0.199720652933847,0.213792679643775,0.208036175171582,0.201189695950504,0.193356768287471,0.179157807233985,0.175200027686117,0.172954408222006,0.17051465212941,0.16757072258464,0.161159896539368,0.157476767922556,0.154981522044526,0.151207059669441,0.151799411516676,0.145039398186485,,,
Guinea-Bissau,,,,,,,,,,,,,,,,,,,,,0.19410195657629,0.160153479298142,0.153698035549642,0.159104876555098,0.164516740843531,0.16870472114856,0.180909251399565,0.186359384337745,0.198333339513094,0.199603833756529,0.206044978968635,0.198887857358823,0.199534235869386,0.209192891891039,0.202706290592093,0.196717891404405,0.178559739439831,0.180558783109977,0.176385277186649,0.185808835752106,0.139308255891895,0.139030195500894,0.157969962595202,0.188337088390745,0.192537300439809,0.189873335601255,0.193647692498389,0.195144763596306,0.186630474907172,,,
Guyana,,,,,,,,,,,,,,,,,,,,,1.11898603067491,1.10926854544197,0.996746906801562,0.949322233471239,1.1260075423885,1.11110459692016,0.82569151947219,1.02506784659596,1.14189906746524,1.02251313781033,1.00602900214299,0.933960980837229,0.812351096686814,0.753306234264658,0.877318785678454,0.927480363556303,0.887369546109232,0.875417444061565,0.919167447329665,0.890677325415911,0.864979700680264,0.812579146832003,0.819666458526022,0.814255441303592,0.757897874449213,0.800148986916475,0.766635786217188,0.716482043193633,0.702433375680033,,,
Haiti,,,,,,,,,,,,,,,,,,,,,,,,,,,,,,,,0.09955736320777,0.095863159309078,0.073978961517927,0.03806424792702,0.108554514613194,0.120872233539984,0.153230423822283,0.129858635013906,0.136588442160661,0.139144047749991,0.161343721284639,0.18820943875686,0.178115628221824,0.211542898675219,0.217004480570834,0.216722540232047,0.237285803143952,0.238897861478878,,,
Honduras,,,,,,,,,,,,,,,,,,,,,0.201113975135006,0.173768581796429,0.170547101349602,0.195400193297232,0.185890464605214,0.171175850389866,0.164718518636594,0.182781454884624,0.201245208856978,0.21012892477381,0.199485702157834,0.201127548154189,0.217066038068693,0.189235941423911,0.224554197646755,0.250881831204777,0.247210809738826,0.247225599497112,0.268644263751152,0.279216776171054,0.280171737954909,0.309719854565562,0.318247438277191,0.338310327715257,0.346582652555346,0.338032262743756,0.304226852971987,0.354204470298469,0.326170754949719,,,
"Hong Kong, China",,,,,,,,,,,,,,,,,,,,,0.235999298076536,0.242157785979621,0.248027073267208,0.24965845237969,0.241507755407296,0.247061159995959,0.248319043871419,0.240887903711369,0.231637251975778,0.233253347320777,0.204617284966667,0.202216591870704,0.22052760839624,0.218545294302464,0.184436567772043,0.181395636844084,0.16167927652331,0.161700295587314,0.218799118262822,0.232489220872558,0.204429097202697,0.19033055006632,0.181872512674406,0.191440766320332,0.169228164973167,0.166815671747251,0.148205458874362,0.14439260116519,0.136229181685518,,,
Hungary,,,,,,,,,,,,,,,,,,,,,0.714698092776837,0.692844613919419,0.675672061245834,0.688321956099585,0.683408831626923,0.649331444017259,0.620450409360878,0.602706083311405,0.559018352279332,0.539513316940814,0.46282234728797,0.528990142436889,0.505112219657376,0.520222875978657,0.488039817973655,0.497336479589213,0.518428110921664,0.495533972010395,0.468793888743212,0.45059970253299,0.410086967083135,0.393787862528047,0.370265810024471,0.375484495465994,0.347987428204884,0.338037313792212,0.321688466569463,0.313578259043423,0.304064918932422,,,
Iceland,,,,,,,,,,,,,,,,,,,,,0.374492322347348,0.337298535507669,0.301172465423363,0.297910322694078,0.335587757559987,0.291416176729024,0.302631318948087,0.280511794780768,0.295570724148821,0.300489144759946,0.31722873282596,0.310623988494441,0.300504609716316,0.312129031041248,0.30403109698228,0.293148109885721,0.318896213081501,0.289343580527297,0.271678145721189,0.256893324234299,0.257595780482958,0.240732941450665,0.248370224124367,0.242057988901448,0.23130566229835,0.212876251798633,0.206008976593646,0.203631577519673,0.191623675315801,,,
India,,,,,,,,,,,,,,,,,,,,,0.566373470886816,0.574541196899281,0.590255974496577,0.596910467713603,0.594597034481028,0.61981144687077,0.634299226171743,0.651573229725108,0.641643877214278,0.662189000909471,0.65364816447974,0.69104494854828,0.69579189460707,0.690115942983425,0.687294514200482,0.679646031318031,0.688332464680328,0.689045728183164,0.666244273994412,0.662362206670287,0.66021995768086,0.636569139207797,0.625155108894381,0.602786061683717,0.584791141094155,0.560575983454047,0.546906546841029,0.53377563707564,0.549797739113355,,,
Indonesia,,,,,,,,,,,,,,,,,,,,,0.475065035474165,0.464186139599631,0.483170623738424,0.443617836397631,0.442434655372814,0.462100429797785,0.437870333709421,0.421405073500837,0.42445170711754,0.385583292919255,0.403976916730388,0.445663796978948,0.468484784993818,0.471352061021597,0.443943027685877,0.416080508724293,0.435254057322022,0.457351929866374,0.397142367390623,0.445356640456205,0.46113943094459,0.498270736158417,0.500636451888626,0.490986849751877,0.500215868763558,0.476930159755861,0.4545121858097,0.46592475356676,0.484098826164989,,,
Iran,,,,,,,,,,,,,,,,,,,,,0.436438228618531,0.429834186532743,0.46526342644813,0.448364054179114,0.458262810104143,0.479111041046274,0.486968111384976,0.531045640205228,0.625434865400599,0.639367508293263,0.667731875811666,0.610166881950545,0.619654054635164,0.58431067085074,0.757583926612064,0.708595353562117,0.665626439914362,0.652753965580981,0.691218487314824,0.679166866115046,0.691983880293148,0.702598201904046,0.686656418481426,0.704444114996872,0.719387717446717,0.713075270325569,0.722523160007559,0.689139924667709,0.716294736984891,,,
Iraq,,,,,,,,,,,,,,,,,,,,,,,,,,,,,,,,,,,,,,0.980139971626804,0.77035537262859,0.616521298498139,0.64566087994865,0.814349716381662,0.903091218186046,1.60650098448159,1.1912063454507,1.18200416509173,1.15095471050961,1.1299049988641,1.05695351806829,,,
Ireland,,,,,,,,,,,,,,,,,,,,,0.584383051379441,0.560599391153608,0.537659048636756,0.542459176774363,0.516336617637707,0.524845912239385,0.57820342326009,0.569015929143393,0.534301594035063,0.501099145239201,0.474336580655147,0.506535500727068,0.462679347978643,0.451024096144873,0.445621218159262,0.408968760396688,0.402504913665918,0.376918955064557,0.362713364723094,0.344398059067516,0.321965385442213,0.328480679784706,0.307972033814884,0.290484105407631,0.281320742343125,0.267060730900864,0.253009675541534,0.247786644791847,0.250737665441324,,,
Isle of Man,,,,,,,,,,,,,,,,,,,,,,,,,,,,,,,,,,,,,,,,,,,,,,,,,,,,
Israel,,,,,,,,,,,,,,,,,,,,,0.362874437897319,0.346185885321792,0.386000205460352,0.370693449859427,0.364390639372429,0.368946904548706,0.376943919664336,0.361692675832212,0.389028497102428,0.407560456151347,0.402849095867673,0.382761744298809,0.438226449093841,0.451657643147917,0.440835846955712,0.475644948922712,0.451664565504915,0.511743211434706,0.485924417781202,0.465727256839144,0.430177677654474,0.451354829538114,0.436383314352563,0.44334103961447,0.409777619217468,0.365284257766393,0.383923434448838,0.204039626299004,0.200202254359608,,,
Italy,,,,,,,,,,,,,,,,,,,,,0.366340118177098,0.353046968214995,0.343837031237116,0.332217398209688,0.327433167760964,0.322406130597908,0.308657473941035,0.313162630303875,0.305341950512217,0.314339618919841,0.314938132246077,0.317340286329763,0.314169169221497,0.309348826136529,0.295299771198322,0.304743453294453,0.294901020147961,0.292208100844798,0.294333152804931,0.287014053898122,0.282687336220136,0.278077037844803,0.278207921934859,0.290148415677484,0.286516478776637,0.284421564595652,0.276453094927659,0.266714250060182,0.261459526108854,,,
Jamaica,,,,,,,,,,,,,,,,,,,,,0.775907479759303,0.663140958095961,0.54494880376189,0.55460377459395,0.449288361159931,0.454006334000409,0.401897486773054,0.440806496245976,0.35666695547887,0.494476167556949,0.561693201830469,0.549831603621227,0.534204890609407,0.507465205691992,0.513408708429107,0.56384397939568,0.593286281029527,0.625594535510853,0.586193558078318,0.582739805143965,0.609961005859723,0.619832486769681,0.595022759205921,0.589705560173383,0.581207290466004,0.543783142704885,0.631793419169249,0.716063316513311,0.632371509603568,,,
Japan,,,,,,,,,,,,,,,,,,,,,0.456282879986685,0.42997774461077,0.406125091704789,0.396821900811876,0.408254515567574,0.379165037114343,0.369567363486376,0.352700391701891,0.362158138145894,0.353385511080461,0.339142870795305,0.329998231982115,0.334175959353655,0.329155763010728,0.345616388365342,0.342098984819311,0.339415303726561,0.333080186558844,0.327995698459482,0.339422971486389,0.335966117992288,0.330583535883082,0.333694224770519,0.334581428939063,0.331544918610333,0.31971039693866,0.311696456750348,0.309301515811689,0.302186834690998,,,
Jordan,,,,,,,,,,,,,,,,,,,,,0.551278123995813,0.653113177085409,0.652699904271347,0.748860142656591,0.781984938031562,0.772781695204377,0.784762511338714,0.794017207183577,0.779833713505401,0.893238739811907,0.996695896221777,0.921913264557816,0.972585232261446,0.917034065191572,0.984123116181039,0.921549419705869,0.944703166140845,0.929346738749386,0.909971308343522,0.881679634705334,0.90027775128719,0.882514509754698,0.880317610398788,0.874188684209114,0.886908573718429,0.896425471707517,0.818869991742477,0.782577492580578,0.723396721610039,,,
Kazakhstan,,,,,,,,,,,,,,,,,,,,,,,,,,,,,,,,,2.67518156199509,2.49296506610303,2.57349388632159,2.34303851711504,1.96727628651308,1.78162475532936,1.75281309248786,1.58977983885764,1.58803588440249,1.61968653086828,1.51538991847327,1.40351468114188,1.43328629793417,1.34506723107283,1.31712375376185,1.43158278291658,1.44406557645876,,,
Kenya,,,,,,,,,,,,,,,,,,,,,0.277073506375338,0.281217050507502,0.199222257004671,0.195265353932308,0.177855888348251,0.148809077559424,0.153295118115181,0.179891799454746,0.156779759105435,0.162369114625368,0.174765651499499,0.143211321012879,0.165254767089542,0.18864938173299,0.189862729871217,0.209514009828395,0.248437334616255,0.219076641785529,0.257547764560282,0.255147275178036,0.259752087200961,0.225094789279733,0.19039947785363,0.156798980583887,0.168378879482436,0.17856515451154,0.187804770190279,0.180215326104332,0.187632877875859,,,
Kiribati,,,,,,,,,,,,,,,,,,,,,0.241770797203429,0.250463966613389,0.205228121609257,0.16140951570517,0.163406699548755,0.171308470464911,0.140568951792433,0.174012508210513,0.14716477269978,0.160939052269274,0.157577494088433,0.164688172431671,0.159607877840963,0.155528997445162,0.148212394880077,0.150064631895729,0.235884170233676,0.178911034179847,0.181370924762352,0.159001719274836,0.166798472496959,0.133846180580522,0.126042868132564,0.120613274550626,0.119525331020963,0.119167784856929,0.133653412346827,0.149750194205375,0.1345898135423,,,
"Korea, Dem. Rep.",,,,,,,,,,,,,,,,,,,,,,,,,,,,,,,,,,,,,,,,,,,,,,,,,,,,
"Korea, Rep.",,,,,,,,,,,,,,,,,,,,,0.635998309201889,0.619866234991898,0.586270176438436,0.562622287091596,0.565419574157262,0.575628241687082,0.532189409540311,0.505632724880443,0.526666233301305,0.524216248153687,0.499659637740115,0.50287163949285,0.507055851259047,0.528627484251561,0.522789162315666,0.521694537573041,0.527348310812051,0.531737741517111,0.490823184093165,0.486696573328494,0.491164362609254,0.48086576197678,0.474639762659639,0.461884820524802,0.45713701231651,0.422085424265401,0.408153760475152,0.410913391836482,0.410521296743471,,,
Kosovo,,,,,,,,,,,,,,,,,,,,,,,,,,,,,,,,,,,,,,,,,,,,,,,,,,,,
Kuwait,,,,,,,,,,,,,,,,,,,,,0.448195246419006,0.565622729936995,0.541584753416524,0.500698658971377,0.624562665942028,0.670551530174695,0.748137614481106,0.616391859132407,0.716718232121512,0.620671389727815,,,0.396064178301851,0.493021440590176,0.532987179677942,0.742872873388489,0.699453410008365,0.706721866993376,0.705610209843961,0.749766159351695,0.794021254633597,0.735364286749952,0.682659145645114,0.680375063468682,0.696278233107671,0.699138068716296,0.619258321577375,0.601991250331206,,,,
Kyrgyzstan,,,,,,,,,,,,,,,,,,,,,,,,,,,,,,,,,1.23526715945976,1.11732195953778,1.02036497107897,0.796270741538409,0.928879271529128,0.829006369709438,0.862280494120259,0.651665726971619,0.613650303510651,0.486401916538291,0.623797223218897,0.634404199725201,0.629825090844506,0.583478621311917,0.564317834355666,0.649694585581424,0.575870119474568,,,
Laos,,,,,,,,,,,,,,,,,,,,,,,,,0.06051109454966,0.063350363418756,0.062596109625917,0.063501509308543,0.064804204099071,0.063720299034242,0.059716555575824,0.06172965746229,0.064410930365041,0.060815197422335,0.060666598227589,0.059446135507006,0.094381151802984,0.118556175475746,0.141958003659359,0.133376598008362,0.148102265593171,0.158462109702781,0.165162733508493,0.159534007225818,0.154389923366696,0.147181798818395,0.144318148785223,0.135884865308405,0.12595638567187,,,
Latvia,,,,,,,,,,,,,,,,,,,,,,,,,,,,,,,,,0.879741473394259,0.795162777142601,0.726578755843761,0.627289538005257,0.598858707438382,0.488698007291045,0.441916307285885,0.356222729946465,0.30492272786212,0.313412520650985,0.285697724193607,0.284003059064399,0.262948042284674,0.239211719529008,0.225444946526038,0.214102415048285,0.214076106300878,,,
Lebanon,,,,,,,,,,,,,,,,,,,,,,,,,,,,,0.329635134287421,0.602144377890794,0.53788387017452,0.406304141786777,0.464918322684148,0.446016024569998,0.451417435348361,0.452869769354271,0.436427510318883,0.506462442620205,0.505511676263268,0.521048715531795,0.475524030968692,0.482894872733519,0.462272757821944,0.508688009562997,0.437287414973659,0.451064546393829,0.384157880085048,0.368689579352109,0.37211775153192,,,
Lesotho,,,,,,,,,,,,,,,,,,,,,,,,,,,,,,,,,,,,,,,,,,,,,,,,,,,,
Liberia,,,,,,,,,,,,,,,,,,,,,0.606039534155183,0.588141455007423,0.186881690860561,0.225341761007798,0.226632968125252,0.235740381765702,0.242199235397945,0.256943585052298,0.279869771665704,0.311481086335141,0.461330081229443,0.317813829096121,0.495866506468523,0.824111680487309,1.04137429094777,1.13779428030981,1.04824409192783,0.524384182189915,0.441818353964572,0.376451449971801,0.321068493052649,0.359216201676585,0.346399401008081,0.533663913913487,0.61340680994898,0.688137902821058,0.654147536680616,0.534391761956576,0.447720152849278,,,
Libya,,,,,,,,,,,,,,,,,,,,,,,,,,,,,,,,,,,,,,,,0.74174207103421,0.753484162074079,0.808230273315646,0.763550987620099,0.697613313927289,0.683860745751254,0.644205425991293,0.628012500908213,0.597110295917672,0.619072724928622,,,
Liechtenstein,,,,,,,,,,,,,,,,,,,,,,,,,,,,,,,,,,,,,,,,,,,,,,,,,,,,
Lithuania,,,,,,,,,,,,,,,,,,,,,,,,,,,,,,,,,0.645273507943561,0.608330560311966,0.668942073715592,0.604540840599668,0.557975005630476,0.506245936630326,0.49667524923103,0.424429555006808,0.36626127868169,0.363363324477817,0.347746865863582,0.308334968432533,0.29635559816441,0.288826062903778,0.273427988728644,0.263621654032059,0.255999672735644,,,
Luxembourg,,,,,,,,,,,,,,,,,,,,,1.09679201715283,0.942957877127878,0.876196610980153,0.796185082631109,0.807497779306529,0.806537017767963,0.720709422286506,0.665098619657539,0.633494260522061,0.617954691220204,0.606988441354827,0.600316364952987,0.65466833028458,0.575969047907414,0.523940567889862,0.422019231385008,0.420092462679607,0.372070131409416,0.324634481345349,0.312864098570254,0.309150786162493,0.314181088682122,0.331456243659981,0.343549300085222,0.367153387061902,0.356436993828453,0.339114079482961,0.304808752226356,0.29301376939542,,,
"Macao, China",,,,,,,,,,,,,,,,,,,,,,,0.109861915301019,0.140732205550893,0.115062751676811,0.1385004985427,0.155115366221674,0.150472302019363,0.138531226348908,0.140964239015184,0.130986936214189,0.133480057010567,0.117020492234573,0.12175855347601,0.126106712938116,0.11824139312964,0.135175444397179,0.14366092255639,0.157215312521665,0.157686107406938,0.159175792967128,0.159545522373324,0.13245884065902,0.118491054236441,0.104950711049081,0.102855735658089,0.079810108966656,0.066591189978383,0.055153597271044,,,
"Macedonia, FYR",,,,,,,,,,,,,,,,,,,,,,,,,,,,,,,,,0.755434040321962,0.783360061746468,0.807274813279948,0.845254227304831,0.904875686444186,0.807896434025325,0.92781925084696,0.825698394575162,0.812745660388602,0.846611037816085,0.765045629150229,0.769540206405282,0.727874443892098,0.700945493234291,0.647353403263426,0.633223484991041,0.629335380572845,,,
Madagascar,,,,,,,,,,,,,,,,,,,,,0.145425421527227,0.102483065744497,0.102881374579889,0.066866103888505,0.09516731192117,0.105929618135523,0.11305099923869,0.126006075622892,0.12185871537689,0.085386514988642,0.084363094166194,0.098078190128448,0.094281959687422,0.094614017474384,0.11640675503444,0.114128381055903,0.120153825187525,0.13965077488171,0.137262852683295,0.14526363957629,0.134965497007427,0.118335916857647,0.096140914755864,0.124471889742424,0.130352297314035,0.109747358904236,0.104049351690135,0.10407167804259,0.102872858090035,,,
Malawi,,,,,,,,,,,,,,,,,,,,,0.165584279432071,0.148698308001923,0.142429056784663,0.133084088177251,0.122290593736407,0.116945055935589,0.116425766072135,0.113046428063022,0.108829884790402,0.111739359468855,0.114645919441381,0.113648660564411,0.121960625077471,0.117396214248568,0.135633320720081,0.11797373072378,0.107168396402987,0.110171614420277,0.115774282880977,0.135225038210842,0.12089093113919,0.12722008433559,0.122054786543247,0.125292715139476,0.121035979833672,0.110872924117377,0.10706391929626,0.101194630714801,0.12006021139488,,,
Malaysia,,,,,,,,,,,,,,,,,,,,,0.415875444742203,0.428149572091256,0.400822564173973,0.468557071956653,0.397310456867214,0.419655886799587,0.457780884451053,0.442819286013638,0.422176882817622,0.451966764615962,0.47038906356623,0.520439402483817,0.524707771935714,0.581610179600216,0.545836896275493,0.640363174216526,0.60252362857219,0.558933334034397,0.551933294144338,0.491543449892011,0.529642102232664,0.569006500900633,0.533630190840868,0.598267716878311,0.587439329302196,0.608829125587493,0.562562687177933,0.573969420297277,0.58514359291575,,,
Maldives,,,,,,,,,,,,,,,,,,,,,,,,,,,,,,,,,,,,0.345819592236667,0.367748043973335,0.382865209358181,0.317336773358641,0.41302681268077,0.422165431283285,0.471078942353111,0.531959084333158,0.397136980579007,0.452988008463701,0.440085713950068,0.464300506295142,0.428082200848123,0.391627055795532,,,
Mali,,,,,,,,,,,,,,,,,,,,,0.072195391014335,0.076233176134993,0.074019020686768,0.080518435837554,0.080531060879217,0.084740621265901,0.073220261991542,0.069355440502775,0.073224588392591,0.07113309369884,0.073111589062816,0.074451419121326,0.069879465803966,0.07317757815934,0.073685728426444,0.070479281222066,0.070948952534948,0.071452490307696,0.066444483268577,0.06490095042246,0.063316330897828,0.056863643126168,0.055328926711444,0.050132688411308,0.051396674562623,0.048765572670241,0.046311085156924,0.045261197258491,0.044197190812993,,,
Malta,,,,,,,,,,,,,,,,,,,,,0.309012292521722,0.334484791783986,0.375227958461929,0.286846020384226,0.388641671979269,0.333019096177284,0.397029477294242,0.476456946309801,0.476825159667321,0.475297076720495,0.448674917929664,0.426521699777016,0.418274618050631,0.473125014707905,0.445972922669998,0.425158610947846,0.450930534295314,0.468125703010193,0.29468469986777,0.307859227714342,0.257840841171112,0.315609925687519,0.284417293118265,0.32032784271496,0.316560926567226,0.319083117648916,0.298782522193419,0.30241253080341,0.269618328212129,,,
Marshall Islands,,,,,,,,,,,,,,,,,,,,,,,,,,,,,,,,,,,,,,,,,,,,,,,,,,,,
Mauritania,,,,,,,,,,,,,,,,,,,,,0.211224975451211,0.214864016695719,0.292944332773108,0.298800620616338,0.285758070643297,0.210438113923306,0.113433351504594,0.977851216504958,0.945219404179238,0.795626707288554,0.757851943416235,0.7680938153203,0.807243682325646,0.76720714153331,0.834528427958142,0.726014501241948,0.689463456976556,0.718525639216476,0.254644115188118,0.255135769622097,0.255455032352088,0.268860672873109,0.293793682135201,0.285140038697018,0.299603401598155,0.282441126673457,0.23970954494995,0.275218064922306,0.272364257006869,,,
Mauritius,,,,,,,,,,,,,,,,,,,,,0.16389967473474,0.142295231757283,0.124855815694024,0.147983127683909,0.148279366676593,0.156474279061063,0.161053119400752,0.172327353729189,0.148026803182576,0.17453997493762,0.226383546402068,0.225461365667539,0.237688716241366,0.234930509140212,0.206488703128232,0.223028248661141,0.225194116163903,0.218282227426351,0.226179664935496,0.247655975519029,0.254828603260922,0.266203812720845,0.261983492471985,0.266730473359624,0.256059273659686,0.270051885594669,0.287731097386759,0.279679781797033,0.269558229452983,,,
Mayotte,,,,,,,,,,,,,,,,,,,,,,,,,,,,,,,,,,,,,,,,,,,,,,,,,,,,
Mexico,,,,,,,,,,,,,,,,,,,,,0.381236201698276,0.371477937892933,0.400833960478132,0.38578377100436,0.386339443082667,0.383026450650567,0.406484265162347,0.41655781531541,0.412143878738819,0.41356153099131,0.386589343182858,0.383439286437533,0.376656148993408,0.368168827114278,0.374114853760701,0.379937096978532,0.371517635966659,0.354529275343028,0.347828352680543,0.342638392853233,0.323281623664693,0.332736296722465,0.32764080102833,0.332608824698679,0.322546855590316,0.333293972633335,0.323554006079752,0.319160813225797,0.333615998895485,,,
"Micronesia, Fed. Sts.",,,,,,,,,,,,,,,,,,,,,,,,,,,,,,,,,,,,,,,,0.176610416495571,0.169036921872332,0.16628843036912,0.165456196894815,0.16260414533049,0.168052446955293,0.16460402781761,0.164351671975134,0.190330762176423,0.195014842119124,,,
Moldova,,,,,,,,,,,,,,,,,,,,,,,,,,,,,,,,,2.07882593957623,1.56803059240592,1.75542381506353,1.64805102295772,1.7897153675715,1.08539903605282,1.0253416005493,0.762243462202938,0.582418428626222,0.580448456470895,0.577783317964662,0.58339689250813,0.576573760585341,0.576501532260039,0.56130462610109,0.511009244604888,0.483094144030406,,,
Monaco,,,,,,,,,,,,,,,,,,,,,,,,,,,,,,,,,,,,,,,,,,,,,,,,,,,,
Mongolia,,,,,,,,,,,,,,,,,,,,,,1.91726001034469,1.80088650344279,1.76067189015449,1.53226156683039,2.0287439824975,1.98744877132109,2.10233119721463,2.19068814834595,1.9166192155639,1.88143328254152,2.50443118263392,2.50455366891342,2.17469312687413,1.81991925697954,1.70294909162686,1.69038461008575,1.56021468317493,1.50907077643642,1.4348625041063,1.40965205808668,1.43811879362223,1.44338200497293,1.30771358909892,1.25818333298054,1.20830407875775,1.19323422096632,1.21051498597324,1.14670310165976,,,
Montenegro,,,,,,,,,,,,,,,,,,,,,,,,,,,,,,,,,,,,,,,,,,,,,,0.398421003896321,0.440767369217229,0.316640678686796,0.2939922250209,,,
Morocco,,,,,,,,,,,,,,,,,,,,,0.346367757415262,0.354248519762448,0.347677259755585,0.364732968782218,0.34993433658084,0.330065718360376,0.322099718782807,0.352141919293514,0.335727845213898,0.354941723753811,0.350457131110316,0.347809121806057,0.377849057685526,0.413643365355181,0.393718718869175,0.431875658289111,0.395265833648164,0.412920940821974,0.38567449798642,0.396992125046863,0.399629348389909,0.413322916204428,0.405774762918688,0.374750350926803,0.386415239539379,0.395883786487409,0.377411315121223,0.38658158557038,0.378977028908829,,,
Mozambique,,,,,,,,,,,,,,,,,,,,,0.601068883708308,0.444218515065719,0.486979223652686,0.449302049165262,0.373552842871856,0.276287349434785,0.242134612941877,0.211102538912964,0.200928019119728,0.194133343366372,0.184766443002503,0.180652093276466,0.185610700374046,0.183966709202016,0.171136979661134,0.172913893120751,0.150904197154136,0.1479748202398,0.134442991494539,0.13038499192871,0.146493379370895,0.153328022438459,0.141558378210154,0.161267291255876,0.149768278693706,0.131058375797264,0.131021313573363,0.158766805087247,0.133584058200186,,,
Myanmar,,,,,,,,,,,,,,,,,,,,,0.466127875278778,0.447287915833268,0.420523244556434,0.415497183467441,0.45052051058874,0.447320840682168,0.457536221829965,0.349235667830677,0.326025606919774,0.340724585923323,0.317502243653272,0.312455320914787,0.333166440484324,0.343418231698005,0.373472850021774,0.389195418922486,0.381242545824735,0.372883246139887,0.379434378063622,0.373826787855653,0.330834417495019,0.245645510883892,0.243895742902757,0.25191326958712,0.26455273684437,0.295551948360988,0.234106633289814,0.209333931614562,0.18591410678895,,,
Namibia,,,,,,,,,,,,,,,,,,,,,,,,,,,,,,,0.001300127352623,0.002403792773274,0.002242539903928,0.002860634059059,0.004264979419156,0.243228191355532,0.258026050491147,0.247108038634174,0.250753595503653,0.21537298390753,0.207251308343505,0.242308254144512,0.245462491028335,0.251074404754719,0.236479240361914,0.245550423439901,0.246094743682438,0.24495052784634,0.311409009561572,,,
Nepal,,,,,,,,,,,,,,,,,,,,,0.063672608897637,0.049239753466476,0.04629866896533,0.05324073244166,0.069036627158368,0.062668732548674,0.062200140835184,0.07581669615825,0.080159380994964,0.070595443202208,0.046875541279112,0.066740564601405,0.088821428507542,0.094246503340221,0.100807944191756,0.116788155383216,0.135453583890332,0.144348495487892,0.113352873042403,0.155240802054303,0.146843737706283,0.149650250793578,0.117259755941594,0.122884375442782,0.110096426690288,0.124291627327209,0.123654146923486,0.123002503692461,0.120025924966198,,,
Netherlands,,,,,,,,,,,,,,,,,,,,,0.563273991305369,0.527577404080506,0.43499802124695,0.438660303218893,0.446558705518469,0.444009478274282,0.423640788087027,0.437020982665327,0.406824409060446,0.432526980995605,0.417773834215604,0.429139327025994,0.410724062146503,0.415364201593063,0.404810742026324,0.400678329162777,0.409560563017646,0.375731046374509,0.355626376963327,0.315822700354621,0.308201513809537,0.305871636168402,0.314938334040245,0.318759742738244,0.315104719616273,0.300624555442293,0.28166170853128,0.280221235429447,0.277256684653027,,,
New Caledonia,,,,,,,,,,,,,,,,,,,,,,,,,,,,,,,,,,,,,,,,,,,,,,,,,,,,
New Zealand,,,,,,,,,,,,,,,,,,,,,0.319513617861046,0.293526847712565,0.320226853819357,0.306793746701138,0.313960888457108,0.345333038618544,0.359183851918537,0.374057018451892,0.396723116423458,0.394411402763339,0.372009993865008,0.383734137797827,0.406049175315088,0.372093122503553,0.366259144465474,0.357248400430036,0.380695148940058,0.391217177947766,0.37695474382654,0.376292475216297,0.379933850969576,0.38363729080848,0.359673883472207,0.345447750501847,0.331270863418686,0.318997304281822,0.318298142498778,0.303413448637547,0.309637172463159,,,
Nicaragua,,,,,,,,,,,,,,,,,,,,,0.227592066636565,0.228115875861235,0.227236683979761,0.205545861710012,0.193135787004483,0.216506240100416,0.229204742235419,0.277489127639176,0.292389784991783,0.199392647218862,0.340179704751407,0.266612976502425,0.319743047194059,0.296888245445118,0.31886611269577,0.334327523224077,0.324130849291716,0.334032716497468,0.351461097575252,0.348067193806342,0.33807113870142,0.343453658685223,0.338928348080692,0.356661460171661,0.340481387527144,0.313763124108748,0.316784852000428,0.321466153342934,0.297957371318698,,,
Niger,,,,,,,,,,,,,,,,,,,,,0.103550714926555,0.123376840207436,0.132443227641044,0.179264648293283,0.222083984044213,0.20692370799106,0.175953543380682,0.195120043487458,0.180521471152922,0.18812489057403,0.15232380917593,0.146638590799622,0.149857613498898,0.165663424839094,0.15795739495362,0.162354751451395,0.17324883610215,0.167996814524986,0.161511311518055,0.160217630054635,0.122021726754113,0.108677766971034,0.113159185412587,0.116176879867136,0.116060819048088,0.104121548189074,0.097538774401023,0.100676671671871,0.09028390461711,,,
Nigeria,,,,,,,,,,,,,,,,,,,,,0.548312041761029,0.610829731866344,0.608964871313678,0.587406040464173,0.716984391546117,0.656070935973577,0.673058123744918,0.547214824919479,0.593612350929834,0.33219307122225,0.328250906118697,0.31246297470727,0.435363795900808,0.394334678159537,0.306032232917699,0.223433260122398,0.24799055709805,0.240090760550558,0.235618640598634,0.259766707139427,0.435710421212418,0.444862433377337,0.515728172490553,0.443804889026671,0.41811161807252,0.42528981708223,0.35497126553958,0.320376829282311,0.326633818861092,,,
Northern Mariana Islands,,,,,,,,,,,,,,,,,,,,,,,,,,,,,,,,,,,,,,,,,,,,,,,,,,,,
Norway,,,,,,,,,,,,,,,,,,,,,0.327233365310799,0.305685541658555,0.301834172953099,0.266142829112212,0.276443836534399,0.276523653575816,0.256375425851385,0.263038019677156,0.250870215051099,0.2768750411727,0.228255472582812,0.226277724593996,0.202558434976807,0.207951587784095,0.184878896568123,0.200210023581102,0.191532470648223,0.186954513007842,0.184534664803265,0.214479509503442,0.196506077045353,0.204013924367414,0.183076401475808,0.206461805917786,0.1987833166107,0.192401207922391,0.19618426432661,0.193996006815726,0.215804402837924,,,
Oman,,,,,,,,,,,,,,,,,,,,,0.521351390453043,0.443259326388418,0.378651120964881,0.426241897146938,0.390813342318273,0.368374297113367,0.396462921929425,0.392222346960828,0.415126170496197,0.352601215084538,0.377964796567653,0.376895550791795,0.384086127512285,0.403260227793152,0.440109666916876,0.437384938920096,0.405602388635946,0.391827933694234,0.407950399531413,0.510193283226789,0.512867533173596,0.442262724659888,0.538772817719649,0.687452381582022,0.641878069178656,0.677679362159882,0.72140335220069,0.700738627360904,0.703938965459724,,,
Pakistan,,,,,,,,,,,,,,,,,,,,,0.325484532789288,0.323530082272092,0.330027640665043,0.333209190545944,0.33722820666088,0.345024707171307,0.342818534312928,0.348617370072113,0.352229201540717,0.351397092212594,0.378390102296299,0.35846528904982,0.354994611621583,0.373871623870816,0.391964392377143,0.371866749048293,0.396504266390368,0.39361981650748,0.395794367000814,0.392456825932643,0.399164350554394,0.398146429861851,0.406373672261555,0.403935100420807,0.416476960794666,0.401561334902439,0.403715016853892,0.421363038460554,0.420661560848538,,,
Palau,,,,,,,,,,,,,,,,,,,,,,,,,,,,,,,,1.04108061867582,0.538753658836646,0.594497729249251,0.554051937790542,0.516249175578803,0.482701426441144,0.471848910054556,0.462596962546039,0.489003131655433,0.487540510125058,0.752005969467328,0.779280797375469,0.821126676059258,0.782770901867739,0.756231458238975,0.775764089785356,0.786944123540483,0.827491191945829,,,
Panama,,,,,,,,,,,,,,,,,,,,,0.269685479196075,0.222306824345886,0.202310913150264,0.228239194621307,0.19507515371605,0.175493863486441,0.176216903457287,0.213216896477995,0.207733286797011,0.182111683646924,0.213708787546268,0.211302789598778,0.231176462082936,0.225422699969072,0.25382355834397,0.181160175676447,0.247658354634478,0.284012719561414,0.26409951766698,0.242236054718142,0.240866263175712,0.289846212973014,0.236049719973357,0.23890955922613,0.209351357855239,0.203212473488138,0.211831230492705,0.18417311637981,0.17283591826964,,,
Papua New Guinea,,,,,,,,,,,,,,,,,,,,,0.29532241209762,0.312753148112046,0.314018671867378,0.313952790647875,0.320819887058891,0.32064239350245,0.297292164972572,0.327300039565795,0.299573571719736,0.281095935964909,0.30497004737571,0.268381543575907,0.234478343391549,0.19270267197784,0.198946904895194,0.192275722592636,0.189386975975942,0.232823775930849,0.268671143668518,0.229015365496936,0.256195638356571,0.308298020049763,0.335777027865564,0.371205506356314,0.408129863986759,0.405568658089366,0.393779467621318,0.248894271666284,0.157983101800247,,,
Paraguay,,,,,,,,,,,,,,,,,,,,,0.118566849102131,0.102969453593405,0.103958336289593,0.111119705925675,0.11431925561481,0.114387305854341,0.124572476923563,0.134918182506918,0.144743774068312,0.142149568152807,0.1331406794586,0.128247273014525,0.145586214490155,0.157741227966048,0.180221098448852,0.193654259908669,0.182529145120342,0.198188877278792,0.211515721458597,0.214697003260895,0.181971731789454,0.1846715029913,0.18848483368687,0.189540967372396,0.182834059454898,0.166564982798001,0.16608048448481,0.161430015034506,0.15186549179993,,,
Peru,,,,,,,,,,,,,,,,,,,,,0.229379080104662,0.213849107094272,0.211277705223203,0.206961462142375,0.199059610470595,0.182588425609435,0.185860798513781,0.203086306980716,0.216617278214935,0.213396234746178,0.218054646616338,0.205852929574283,0.206442320626955,0.227673916413875,0.199004069673428,0.18837833558765,0.187446977089405,0.197319604610143,0.201523216265398,0.210837389768604,0.211343250886935,0.189091449876279,0.18019831613538,0.168073973455572,0.193578175164497,0.212582578989656,0.186384687583136,0.210684369235649,0.178744117386281,,,
Philippines,,,,,,,,,,,,,,,,,,,,,0.278039771193914,0.254499514916784,0.246947434759636,0.246543496407388,0.235871680955136,0.240387895335475,0.237816419459276,0.249561966710132,0.276775013789148,0.26620218009335,0.283191191483701,0.293141610191837,0.320791084756745,0.32018626683391,0.336508476694939,0.360517592484198,0.354302477333666,0.397181192010521,0.390438594178021,0.365601255566298,0.379362606024111,0.35961805027815,0.34198841875416,0.326596308853048,0.317151221227088,0.310614201695219,0.24622380468815,0.268333730575716,0.272639133401238,,,
Poland,,,,,,,,,,,,,,,,,,,,,,,,,,,,,,,1.17621152217389,1.24708522334775,1.20199505003963,1.14323203953974,1.03538034155085,0.998758329786588,0.972659769042803,0.888616850318722,0.788305687172159,0.731573531280378,0.667517092904472,0.66200445842666,0.639924067983422,0.632540733594108,0.601004128281015,0.577417413281343,0.571559523157527,0.52819374320345,0.503809732086338,,,
Portugal,,,,,,,,,,,,,,,,,,,,,0.238134250031696,0.232680782288058,0.2339317196346,0.241610448230551,0.243563854503786,0.226082722510097,0.236656360366781,0.236637478314839,0.231279547213915,0.271264018981361,0.270741027273312,0.286190186163938,0.307359730037196,0.284419449949338,0.289382671591757,0.298134596161809,0.279258648176363,0.280558642340784,0.290239388669234,0.310745650461267,0.2910697341475,0.284967142676688,0.300605758665396,0.278197387561165,0.282414731030852,0.289709489080539,0.258459454343814,0.257296382498028,0.240556094643803,,,
Puerto Rico,,,,,,,,,,,,,,,,,,,,,,,,,,,,,,,,,,,,,,,,,,,,,,,,,,,,
Qatar,,,,,,,,,,,,,,,,,,,,,,,,,,,,,,,,,,,,,,,,,0.906534156849142,0.760341730577412,0.72597018239897,0.819042930446692,0.844261152869235,0.909350110267254,0.845458681241611,0.791885346447123,0.636126504904685,,,
Romania,,,,,,,,,,,,,,,,,,,,,1.15938287365918,1.15956378643571,1.10156841580495,1.06363380929133,0.947834310108378,0.97419800104676,0.989557351577697,1.03034821802822,1.03850584042066,1.10951210967466,0.871922786153646,0.866643659334498,0.86450416084349,0.831681367324109,0.76504942258547,0.785540945604879,0.751212014576804,0.7258871628277,0.681507013112471,0.596370551782268,0.586350445995248,0.589792819804124,0.540653292709613,0.534926968276948,0.490589281441254,0.468876155851226,0.466765441718314,0.424894063133189,0.373451078589972,,,
Russia,,,,,,,,,,,,,,,,,,,,,,,,,,,,,,,,,1.4615250681111,1.46283130810234,1.44481345970072,1.45513316998896,1.48859726858274,1.38718637454332,1.40373730823981,1.33936391747629,1.23284128522719,1.16627530638743,1.10825895600019,1.06502073384458,1.00497533479999,0.952234390491973,0.909830513878658,0.83726428254251,0.81511208328649,,,
Rwanda,,,,,,,,,,,,,,,,,,,,,0.117263052275174,0.135108144869087,0.134323414395575,0.145068087788843,0.137937947117589,0.128302466536964,0.118025427105819,0.121675084936988,0.131684473023923,0.130345941623581,0.132129452865186,0.125335639037905,0.119759862526706,0.131076747132979,0.254427677223712,0.185925984433246,0.169844737206856,0.154387295348466,0.139433324870369,0.13553256522157,0.12811750755187,0.118712099459088,0.10694783735053,0.103532381996078,0.097435412863493,0.089144934001366,0.081634554946306,0.080259847809466,0.07106572025188,,,
Saint Kitts and Nevis,,,,,,,,,,,,,,,,,,,,,,0.220206388136842,0.268477962373187,0.210869931893786,0.191059508968199,0.179566915420471,0.183743533278904,0.158462248989929,0.174344999327762,0.162004089151608,0.15840842543082,0.17532004706223,0.16970414245916,0.182977670384742,0.181660680627076,0.189836200433874,0.191883298763262,0.179716206865447,0.177684162181143,0.168884237250436,0.164307265352627,0.28751826756671,0.307370422704334,0.339926383153488,0.326340315024781,0.318967498210172,0.302321663211542,0.301001473439983,0.283622994632192,,,
Saint Lucia,,,,,,,,,,,,,,,,,,,,,0.229407391667389,0.18588134489879,0.248521839962389,0.21531839010379,0.193023635944222,0.231367065080749,0.20715817111086,0.225806300602375,0.226475144811211,0.207653953198181,0.168079754421583,0.17097144947845,0.190345163163314,0.205453062294487,0.235247357143275,0.268882148316543,0.270068500626417,0.254039259904926,0.236053715871838,0.238850705161397,0.247098871732968,0.286476228072094,0.249781926593571,0.269565683955973,0.25260012083366,0.249585096650397,0.235716238969787,0.244640800004558,0.238738312327522,,,
Saint Martin,,,,,,,,,,,,,,,,,,,,,,,,,,,,,,,,,,,,,,,,,,,,,,,,,,,,
Saint Vincent and the Grenadines,,,,,,,,,,,,,,,,,,,,,0.110925864874039,0.104519406209919,0.109708591447792,0.105085672553784,0.162389725225684,0.153029519448109,0.143470261178804,0.160113571454138,0.119746008683475,0.136305587591149,0.135937444334312,0.128964237989855,0.131363320870983,0.159669156142061,0.194008061297929,0.209546008153248,0.212518658457463,0.187613450000923,0.216950879197649,0.212415179338588,0.195055684615195,0.217435154136636,0.217938055919965,0.219731730048379,0.206174050232505,0.205688004729996,0.191269665483929,0.184678297520059,0.181674726003939,,,
Samoa,,,,,,,,,,,,,,,,,,,,,,,0.294393051093015,0.293129561516039,0.289403338022221,0.278488018253115,0.2639582161392,0.262689182089003,0.266533410076967,0.273586406511213,0.294916481212038,0.301859235222395,0.311360174796467,0.299097191388397,0.28936179898052,0.296243609413672,0.276155179058613,0.273954036070429,0.267547340754439,0.276111430097471,0.257986886561937,0.247242672725828,0.236803802758614,0.237627352567623,0.232291588768533,0.228355348100731,0.223905115231142,0.215157846947877,0.223415764171404,,,
San Marino,,,,,,,,,,,,,,,,,,,,,,,,,,,,,,,,,,,,,,,,,,,,,,,,,,,,
Sao Tome and Principe,,,,,,,,,,,,,,,,,,,,,,,,,,,,,,,,,,,,,,,,,,0.561924369051258,0.584154376504537,0.573208664288169,0.55563724305151,0.593674421134092,0.556526191973634,0.525024709409088,0.496242649154613,,,
Saudi Arabia,,,,,,,,,,,,,,,,,,,,,0.509795329113967,0.504450438788109,0.511164253496963,0.567349166817336,0.566034342371942,0.65596967165326,0.740701881453244,0.718068515703091,0.704723741818169,0.708402110767328,0.690260869056873,0.789821897243634,0.806424595199656,0.887059572799853,0.867371011040115,0.654502123459406,0.696856365578602,0.569705891064371,0.529632564732507,0.58496177810557,0.730945870291674,0.722310555010909,0.788726497085421,0.733096657614276,0.744498490735962,0.748165271000182,0.757602150484992,0.769200711353737,0.805703044257826,,,
Senegal,,,,,,,,,,,,,,,,,,,,,0.4043249351531,0.378501223745401,0.325207368197048,0.296081242489632,0.358527615850498,0.280936464277296,0.270961145430161,0.235344557578585,0.264703806359802,0.343066460731695,0.297427877387124,0.312067461609143,0.313187436655641,0.319265068771598,0.346690722931282,0.294715797859795,0.309213817580278,0.26163078061478,0.259549337782315,0.263374524474299,0.271651083003203,0.285630522223762,0.297948974704389,0.307951271430231,0.306321762062631,0.321822811262731,0.256531544719886,0.274435524964361,0.245124233232652,,,
Serbia,,,,,,,,,,,,,,,,,,,,,,,,,,,,,,,,,0.784103985212924,0.98254586495674,0.932500513559636,0.928386618185576,1.00752318263052,0.983734162198579,1.0279272420238,0.798540696103781,0.842035782755639,0.859230876095648,0.882222410233923,0.918768709997258,0.918474810255517,0.734803456347589,0.745685516363027,0.705361878549933,0.695160977021948,,,
Seychelles,,,,,,,,,,,,,,,,,,,,,0.135715619701026,0.153549846453756,0.132280181969349,0.157985794710507,0.151166472277197,0.206566990029645,0.227121424208316,0.265883071418647,0.247682065168201,0.263985806331815,0.119507897128824,0.146309869161263,0.157537113204245,0.145048160935675,0.169477618502495,0.174239300206663,0.172460047239659,0.322332616387526,0.315765122543715,0.361623040846725,0.381556982877109,0.443663809315332,0.370716649397047,0.404552544190761,0.578060145761536,0.484345024414729,0.477822520061627,0.364769708697423,0.404357624517079,,,
Sierra Leone,,,,,,,,,,,,,,,,,,,,,0.237101879075692,0.262392686429119,0.200069643665497,0.254443779089113,0.218434685424777,0.248538072727414,0.249572653227477,0.172027008421894,0.170160416714701,0.137844634209467,0.138606972558539,0.163531467932759,0.203493094858604,0.214727054175536,0.252323212897222,0.275983295301315,0.279268810721569,0.341336809311378,0.322332640013462,0.344329152835321,0.358820536400015,0.413102378971766,0.450137754878188,0.42328790199164,0.343018533206612,0.37833475706304,0.34650704429282,0.344798438270101,0.332193379050535,,,
Singapore,,,,,,,,,,,,,,,,,,,,,0.864237693657412,0.666703854007544,0.689204158377452,0.74678469158747,0.654948615331816,0.659523762701909,0.682509075572534,0.573436624368102,0.571785414904382,0.601810819481643,0.612504509291386,0.58113157361925,0.575491202426349,0.561007682991936,0.607110034546864,0.407852555477754,0.444408707408972,0.512536893409984,0.433231531108845,0.357841982862656,0.310840710018233,0.282574421039576,0.266619788267688,0.210007345029813,0.22618424334059,0.259777710109648,0.227493472577262,0.157357179178269,0.139042772633354,,,
Slovak Republic,,,,,,,,,,,,,,,,,,,,,,,,,,,,,,,,,0.851684209813834,0.793820897321224,0.736132816379067,0.749910036461,0.689710012171244,0.64787298705644,0.639236036978742,0.589236842923882,0.532677531458934,0.554592764097725,0.528857321546973,0.507867407127972,0.474305354018978,0.449590828608928,0.412358182704784,0.350802182832847,0.340019190524815,,,
Slovenia,,,,,,,,,,,,,,,,,,,,,,,,,,,,,,,,,0.458046543448165,0.450419297133777,0.367024198605624,0.456555944781956,0.460854329792752,0.468670825997054,0.433601694371387,0.401660151696525,0.371423341812818,0.374317829789941,0.366542998813926,0.358058953622934,0.34807882817963,0.337947357787431,0.326500597825106,0.304821122385577,0.311784263499923,,,
Solomon Islands,,,,,,,,,,,,,,,,,,,,,,,,,,,,,,,0.222793193767337,0.210173970030022,0.186505579576506,0.175296232940785,0.156803358177407,0.151787777190614,0.149389804917505,0.15157194658706,0.148915491338264,0.153038499599422,0.178506948922458,0.202605611612461,0.208441987255618,0.204048693947164,0.194520364908349,0.184517324215356,0.17253212159359,0.171759205170323,0.160073816561345,,,
Somalia,,,,,,,,,,,,,,,,,,,,,,,,,,,,,,,,,,,,,,,,,,,,,,,,,,,,
South Africa,,,,,,,,,,,,,,,,,,,,,0.945438777420128,1.01090618594431,1.10698626334284,1.17393428600219,1.20763545526737,1.25442456690044,1.27989151994227,1.24662412624438,1.24739040784971,1.21130126797307,1.18810872099059,1.24648419049109,1.19468982288998,1.24442147597638,1.26307969435449,1.20624368867163,1.17339200690196,1.18357729792865,1.18031082231268,1.14944944815426,1.09638985772114,1.05021083115852,0.971003967855776,1.03304596498666,1.07458744853002,1.00601882920229,0.946825017861027,0.958010371499255,0.930310880946534,,,
Spain,,,,,,,,,,,,,,,,,,,,,0.37394617691796,0.361005396656253,0.361064689673022,0.346268571473241,0.330161946518769,0.327598890346561,0.299444151465289,0.284307278507941,0.282372752035036,0.30639717033774,0.2964320547968,0.298583037312701,0.308441441477017,0.288584669413369,0.303855152593011,0.310894239049402,0.300134215213395,0.300466802172876,0.298734412954442,0.293194532511282,0.29101734335548,0.28400921036038,0.292029487646805,0.289176727795219,0.296015397078703,0.297501427012429,0.283236467717292,0.279867870910896,0.255057140636311,,,
Sri Lanka,,,,,,,,,,,,,,,,,,,,,0.14506059293592,0.164201647911425,0.1751260925229,0.181792708954322,0.135473171645731,0.132166639656113,0.11652793688354,0.127937256414379,0.10646938811528,0.104641382823556,0.109286427724385,0.112501660189698,0.134116724588844,0.121638869271387,0.127077619058453,0.129108982717592,0.149164531626501,0.151349623394309,0.149501078929803,0.157623059163984,0.176997624061223,0.18126801578433,0.187335353428518,0.171235188507341,0.182279913863802,0.166943787715481,0.156373573657996,0.15355397224642,0.138456575110957,,,
Sudan,,,,,,,,,,,,,,,,,,,,,0.175640165863945,0.158842253413032,0.157608925247118,0.157678071584651,0.148863800604001,0.184594103079551,0.182679447400778,0.126126669858468,0.183034302048207,0.130278226387893,0.203834533990295,0.183716353866316,0.152194512391655,0.088987764238475,0.134651616511694,0.131540268824495,0.115184381838864,0.132278894735157,0.109912109056538,0.115590655885682,0.115868089620449,0.125629392070554,0.151981615205244,0.15850462283438,0.178097037098425,0.193603100672243,0.169435515699019,0.166887730059146,0.173151487549981,,,
Suriname,,,,,,,,,,,,,,,,,,,,,0.98465945303043,0.842062109649258,0.791247315683023,0.598741116343305,0.703986126254722,0.736113610733189,0.838252250795943,0.968420536567388,0.95257224659575,0.852340246456068,0.836248565718164,0.943732087749927,0.950578537770226,1.0463000895653,1.01682718930434,1.01427510967017,0.977982135421311,0.929702056805296,0.924917457669154,0.928272950555242,0.917777336120351,0.935350694944204,0.886492703195367,0.832203849172959,0.780612655551676,0.777756935279388,0.767814463943082,0.730109861905456,0.697600980406633,,,
Swaziland,,,,,,,,,,,,,,,,,,,,,0.335827033071478,0.274484143571225,0.271302926447767,0.166705002412749,0.193103525526156,0.245337784332893,0.227641190360719,0.189094198563023,0.177436910875636,0.157147439685069,0.126580955050057,0.095438077201049,0.074795281261985,0.03627102153256,0.129875827981659,0.116388082247165,0.084061378357214,0.287552349178051,0.282817715656551,0.280520933249902,0.26425045544603,0.251550751180067,0.243197374012588,0.220048091196933,0.211573855311452,0.204282899211746,0.197040678734652,0.199305117394152,0.20008598465843,,,
Sweden,,,,,,,,,,,,,,,,,,,,,0.424071836375731,0.411142639864935,0.364515394242665,0.33508292883114,0.316040599513487,0.336565754747905,0.325338801224956,0.30270129188533,0.283614585543926,0.266785626050658,0.245910687716155,0.26645978278249,0.278131746725419,0.26418092494373,0.269690577287506,0.24625318433738,0.273970821691435,0.240155601632429,0.232325007614906,0.206442673340847,0.192566351446681,0.195263472678687,0.213994662685969,0.199482838319438,0.190417436314904,0.174574142659787,0.160916236648018,0.150994526455355,0.155103681496414,,,
Switzerland,,,,,,,,,,,,,,,,,,,,,0.225138877885674,0.212410150405333,0.202879718066552,0.220521484295557,0.209300522740818,0.205247906475249,0.213988791902547,0.20047633530226,0.19632452361225,0.18271726142033,0.19155997453481,0.19061697313103,0.194812857065804,0.184800435213563,0.184617316631647,0.174732843271961,0.176454559843457,0.179581534670637,0.176369099298552,0.169045237673792,0.156758934711308,0.170454878637671,0.160903662686849,0.159134402444913,0.155981422561637,0.15546833800241,0.151843550075826,0.133008331947722,0.13840821714978,,,
Syria,,,,,,,,,,,,,,,,,,,,,0.706140337952553,0.82567544488044,0.743292914726701,0.836740013492801,1.0322935594723,0.871687469528723,0.96966434439055,1.09941574258233,0.989904614272058,1.01726700984922,1.02396249952066,1.0944919772258,0.992322358036254,1.00037348772485,0.957174029515743,0.9615499350596,0.911460857165192,0.917673573536965,1.03484253331928,1.11068097934047,1.0589842392057,0.964196074045265,0.836916090260603,1.04148583409428,0.938531024633449,0.842847118657773,0.850386966547041,0.836097628225977,0.807997522826496,,,
Tajikistan,,,,,,,,,,,,,,,,,,,,,,,,,,,,,,,,,0.697173702371679,0.597183934929244,0.345500992389245,0.410380416001678,0.568616609644983,0.425679084438229,0.468989318265543,0.456240484805839,0.374057586371639,0.347781958796273,0.261649341686509,0.261961288521249,0.254848952244808,0.236722940465154,0.234282497779946,0.293599561788803,0.264046648443752,,,
Tanzania,,,,,,,,,,,,,,,,,,,,,,,,,,,,,0.119491775623404,0.111096750267288,0.111543037703917,0.112150106953439,0.108140204533501,0.119295703890708,0.108959798914476,0.152837747860721,0.142422370583627,0.114546640320211,0.097944078916802,0.092751919635398,0.092350556369195,0.102790571418688,0.110087962679718,0.109202542808282,0.115811947512525,0.126036588267263,0.124891751370067,0.130861768353301,0.130382214738523,,,
Thailand,,,,,,,,,,,,,,,,,,,,,0.380472229596965,0.340730859992816,0.322204647272214,0.341740823588159,0.349922877979407,0.354043481609588,0.342606830561323,0.358412175293368,0.372255402088373,0.390678924114929,0.42690199927467,0.476609105683271,0.481518929485954,0.499964046298901,0.50933621915678,0.534558005717112,0.563881469321543,0.592458207932721,0.587785027020182,0.594268249088153,0.580576767700689,0.612067283480833,0.617437119621812,0.613866516962822,0.62914052560012,0.618075937349327,0.606980852364576,0.573975629366917,0.567291478429755,,,
Timor-Leste,,,,,,,,,,,,,,,,,,,,,,,,,,,,,,,,,,,,,,,,,,,0.252582740938156,0.252315834202399,0.264269555741609,0.248788626656459,0.269501750704314,0.2551740714237,0.234505678491764,,,
Togo,,,,,,,,,,,,,,,,,,,,,0.237501206392746,0.214312544839025,0.259971160655662,0.20476447954446,0.216120193514498,0.185010951558243,0.234329772413982,0.252468078133744,0.244671932314894,0.248188317899162,0.230244052359185,0.252746069432921,0.260935294382385,0.318112656572134,0.26611133837155,0.282623000901851,0.288641373044235,0.23489451954999,0.284218675785859,0.365420557393557,0.325234557495839,0.279147894906862,0.284129783768726,0.328533710169661,0.304575392846259,0.28838075864029,0.252851477008496,0.266489726544148,0.280598255030848,,,
Tonga,,,,,,,,,,,,,,,,,,,,,,0.19637207428577,0.173061249928702,0.183838581127147,0.180697345721975,0.16957579579167,0.166057609730039,0.186050124174252,0.24018342820283,0.239250582793246,0.269952941761242,0.301999456736765,0.289190763707836,0.325231935316481,0.320952127457553,0.3201363704732,0.320103666672614,0.331209610791604,0.312041615509852,0.350445284675469,0.31964817851336,0.355283212702527,0.351500140852513,0.421669977772063,0.408670213068041,0.412589314490764,0.412106926775356,0.424933165488596,0.41381357843855,,,
Trinidad and Tobago,,,,,,,,,,,,,,,,,,,,,1.0264319238866,1.00020569673272,1.02635584707255,1.00014221606582,1.14138552108067,1.4089912381796,1.22023124531798,1.28856264047449,1.21452201090267,1.24586530360027,1.28953282285165,1.55861552103643,1.58002588405225,1.28501449983515,1.46452572032385,1.48791547160593,1.48699662545155,1.2781943673859,1.19147642815748,1.34808309371322,1.36468901348498,1.33826740772558,1.33139548141915,1.1983716746332,1.26532322777779,1.1730253152643,1.15447612092012,1.1832556924333,1.55286292479475,,,
Tunisia,,,,,,,,,,,,,,,,,,,,,0.36734228911316,0.360252365059941,0.35122466051346,0.398150908882471,0.384566296655404,0.37637374484938,0.385887685690667,0.35219852317889,0.373364411653206,0.3896263388403,0.361832911701479,0.406563950701553,0.365787686985109,0.39315876191947,0.368091890733566,0.355001501681704,0.352867440220529,0.338393546778018,0.342478679574414,0.328962202380239,0.342783157733959,0.34160994829717,0.339093586025275,0.327339581946418,0.324072465398561,0.31654574990355,0.303893590586012,0.295151667053164,0.295921444277958,,,
Turkey,,,,,,,,,,,,,,,,,,,,,0.28826227643358,0.289826608627708,0.30477983192053,0.30220659237714,0.299634354477531,0.320209933201903,0.327729793711762,0.332693805472298,0.316144133077114,0.347690164886799,0.344412011454612,0.344235835925906,0.333551427560026,0.329428936045968,0.34009066401976,0.344594868548731,0.349595474236246,0.342508004218946,0.338961676871717,0.335988893123781,0.345664346296001,0.329902224225158,0.328543400770024,0.331580340874579,0.312763782285943,0.303834343668696,0.313221529529736,0.32566401097226,0.322761413099253,,,
Turkmenistan,,,,,,,,,,,,,,,,,,,,,,,,,,,,,,,,,2.26155380608313,2.47672414033201,3.62404561150815,4.03868953739792,3.92156393561553,4.21904151229649,3.44107868404292,3.98359808950161,3.40991447398923,3.15193837035339,2.8174651832663,2.52825764131286,1.98126673519128,1.84708239505851,1.7419272936582,1.62891974889163,1.48124116304294,,,
Turks and Caicos Islands,,,,,,,,,,,,,,,,,,,,,,,,,,,,,,,,,,,,,,,,,,,,,,,,,,,,
Tuvalu,,,,,,,,,,,,,,,,,,,,,,,,,,,,,,,,,,,,,,,,,,,,,,,,,,,,
Uganda,,,,,,,,,,,,,,,,,,,,,,,0.07153635692488,0.076730712430752,0.072895716006881,0.07774422669729,0.088237099316395,0.089840514471677,0.097158024750475,0.087426152017134,0.082110221216788,0.080929201512298,0.079266101562531,0.069748323924997,0.059405318358026,0.068486410412271,0.069044972436971,0.070730368305819,0.079642157660937,0.076734931291297,0.081837176177051,0.082829698675073,0.079601070417036,0.075404671379106,0.075265291441838,0.090319002249654,0.094305029319181,0.103017465861829,0.110811643794972,,,
Ukraine,,,,,,,,,,,,,,,,,,,,,,,,,,,,,,,,,1.85441024062696,1.83997936323132,1.95428155887007,2.22051973926366,2.28130309168199,1.94609549012553,1.9107639467147,1.93738794298836,1.7646741061211,1.62041713354943,1.52611401347831,1.54195436741769,1.33983375180136,1.28904935647471,1.16155001446054,1.07998636054911,1.03861232485273,,,
United Arab Emirates,,,,,,,,,,,,,,,,,,,,,0.294616918467316,0.281137652172846,0.301508870996435,0.303403720493239,0.382903241322086,0.427410894584984,0.47549368619795,0.464401989127024,0.483638065748992,0.484996936351207,0.391228103733308,0.425196052247649,0.41955822650796,0.470233901290247,0.487572034045217,0.441448104326567,0.242524572853648,0.227367807972607,0.443630411436813,0.414610073681194,0.537167660019793,0.476911493681849,0.387322108251025,0.449168193434041,0.435051278185201,0.425016121308619,0.410537005709081,0.447102826319333,0.486435635899251,,,
United Kingdom,,,,,,,,,,,,,,,,,,,,,0.591814634878119,0.580000308631959,0.555055112722931,0.532584354843449,0.50303441584544,0.513432914018625,0.501483875698674,0.482210359433633,0.457980468449766,0.456601392053058,0.444111361810209,0.469015019471872,0.463316231174078,0.437867169291954,0.417121874511555,0.405304144616376,0.405212368686588,0.364141214144116,0.350629923641823,0.326917309142454,0.31770651990494,0.311905970490252,0.293561369564168,0.288201540113148,0.28256029829957,0.275141162315696,0.26854532884295,0.253026578592715,0.25257991890065,,,
United States,,,,,,,,,,,,,,,,,,,,,0.814500521875647,0.762453064084661,0.738173520082389,0.711915671445698,0.684876520253708,0.660200839219495,0.638995032368215,0.646030416350623,0.647642509273488,0.633333468628078,0.612786804058976,0.613241084137097,0.593751520055527,0.611674229945195,0.594287718771672,0.580712476745862,0.570802664451898,0.562327808079156,0.53304745991685,0.515671126740856,0.493602032200005,0.477415804442948,0.473014004923409,0.464345490164463,0.455813780916412,0.444792638616183,0.426969102980002,0.42390669276747,0.414838254052658,,,
Uruguay,,,,,,,,,,,,,,,,,,,,,0.256501542700718,0.232573419629979,0.233637074029794,0.203962878389983,0.186500894256514,0.175601472261663,0.155639387596938,0.161407417214652,0.214744712573876,0.215640301446487,0.17590990866674,0.193767464442424,0.203812025285404,0.171501175615484,0.145555010206987,0.166737287614054,0.187192759891012,0.176054536686531,0.172445393045398,0.207942735026764,0.167292499188188,0.166886652069471,0.164191854586117,0.162104586443965,0.188357401449451,0.180436522173968,0.199524806885898,0.168990987288343,0.218876556523116,,,
Uzbekistan,,,,,,,,,,,,,,,,,,,,,,,,,,,,,,,,,3.14205302265057,3.34345424975639,3.3021943326482,3.02984870909541,3.0464316251239,2.85633065616171,3.16342763054408,3.02912974752512,2.98111996382234,2.91072536529581,2.91062444795003,2.70016852247822,2.43742807421688,2.09321687961476,2.05308694392218,1.88301230673091,1.8627182911753,,,
Vanuatu,,,,,,,,,,,,,,,,,,,,,0.19490222923609,0.154038629926187,0.139149473433521,0.1309713330091,0.119514617838441,0.260370144810972,0.126407082045627,0.105766637503074,0.148996201727653,0.138593447389169,0.138665682071764,0.127368966640176,0.124150953334462,0.123225847713857,0.112992783426995,0.111861018311694,0.139681111183404,0.138928321543059,0.127648868625028,0.127222941210501,0.114887802169687,0.12445147433355,0.130176600956871,0.130945175164303,0.12532337474659,0.07442178036238,0.060077039954951,0.095457690526618,0.102167660263378,,,
Venezuela,,,,,,,,,,,,,,,,,,,,,0.520856394212155,0.529466327908006,0.549114064388043,0.568736682508982,0.561357808326213,0.608718366390251,0.618069549133913,0.604608874793111,0.597683651931333,0.612926274678864,0.646069312076592,0.556385643181254,0.481117001443631,0.563550561917222,0.60306204474259,0.594821720283126,0.549103535937472,0.563357578702571,0.70157879109633,0.769738231739852,0.65548754137052,0.717615718663348,0.881975150206898,0.950392757489068,0.703820761618464,0.605029963220672,0.530004118707635,0.518944761271614,0.510943002876794,,,
Vietnam,,,,,,,,,,,,,,,,,,,,,,,,,0.38523146083206,0.447562326849027,0.475021231265475,0.515756602205806,0.437921228022742,0.308073345125345,0.358375514165594,0.338910243781935,0.325537157290455,0.309065495587865,0.325173494019083,0.330084257043562,0.354839373458303,0.432172795193907,0.431151908039798,0.413624173277286,0.432139609786408,0.464994312739241,0.50271774447089,0.521435510850946,0.619189625674576,0.584496679278958,0.434476560872567,0.537209806265401,0.57324231913098,,,
Virgin Islands (U.S.),,,,,,,,,,,,,,,,,,,,,,,,,,,,,,,,,,,,,,,,,,,,,,,,,,,,
West Bank and Gaza,,,,,,,,,,,,,,,,,,,,,,,,,,,,,,,,,,,,,,0.049692064775374,0.065144520929996,0.064942706038129,0.083278494082057,0.165428289706575,0.158552458400775,0.163983561439266,0.22511649166061,0.311271290029287,,,,,,
"Yemen, Rep.",,,,,,,,,,,,,,,,,,,,,,,,,,,,,,,0.443145016796793,0.439210011323356,0.577411324020439,0.364088633826896,0.411191475259946,0.385113409037675,0.488619564180289,0.481088231326357,0.357792959165156,0.392652739967002,0.389604535134581,0.416697231689048,0.388888876396919,0.411463048103368,0.43180179815215,0.434111411598003,0.436475107034562,0.446435630142036,0.458323614235991,,,
Zambia,,,,,,,,,,,,,,,,,,,,,0.399079430015225,0.35832926110977,0.385568618049864,0.365444668952024,0.316117428341405,0.30381057649459,0.316487573982597,0.288290561119562,0.315419944438801,0.264018642208737,0.249227745956815,0.246327514092487,0.254850465492682,0.242904094563588,0.257258128651035,0.23745197454628,0.191276268127806,0.236724470621981,0.233438850406258,0.178416969584085,0.173300675730268,0.17319942068433,0.173147831014009,0.175790206314156,0.167396915691004,0.170239885822121,0.162084371665069,0.114902108303503,0.119388623665528,,,
Zimbabwe,,,,,,,,,,,,,,,,,,,,,,,,,,,,,,,,,,,,,,,,,,,,,,,,,,,,