country,1980,1981,1982,1983,1984,1985,1986,1987,1988,1989,1990,1991,1992,1993,1994,1995,1996,1997,1998,1999,2000,2001,2002,2003,2004,2005,2006,2007,
Afghanistan,32.2999992370606,32.0999984741211,31.7999992370606,31.5,31.2000007629394,30.8999996185303,30.7000007629394,30.5,30.2000007629394,30,29.6000003814697,29.2999992370606,29,28.7000007629394,28.3999996185303,28.2000007629394,28,27.7999992370605,27.7000007629395,27.6000003814697,27.6000003814697,27.6000003814697,27.7999992370605,28,28.2999992370606,28.6000003814697,28.8999996185303,28.6000003814697,
Albania,81,80.9000015258789,80.8000030517578,80.5999984741211,80.5,80.5,80.4000015258789,80.6999969482422,81,80.5,81.3000030517578,61.9000015258789,61.5,62.2000007629394,63,63.5999984741211,64.3000030517578,63.7000007629394,64.5999984741211,65.3000030517578,65.6999969482422,66,66.0999984741211,66.3000030517578,66.5,66.6999969482422,66.6999969482422,67.4000015258789,
Algeria,20.2999992370605,20.5,20.6000003814697,20.7999992370605,20.8999996185303,21.1000003814697,22,22.8999996185303,23.8999996185303,24.8999996185303,25.8999996185303,27,28.1000003814697,29.2000007629394,30.2999992370606,31.5,32.7000007629394,33.5999984741211,34.9000015258789,36.0999984741211,37.2000007629394,38.2000007629394,39.2000007629394,40.2999992370606,41.2000007629394,42.0999984741211,42.9000015258789,44.5999984741211,
Angola,77.5,77.5999984741211,77.8000030517578,77.9000015258789,78.0999984741211,78.1999969482422,78.1999969482422,78.4000015258789,79.5999984741211,79.3000030517578,79.4000015258789,78.9000015258789,80.3000030517578,77.6999969482422,79.6999969482422,76.8000030517578,77,76.9000015258789,77.5999984741211,78.3000030517578,77.9000015258789,77.9000015258789,78.5999984741211,78.4000015258789,79,79.6999969482422,80.8000030517578,81.3000030517578,
Argentina,33.5,32.5,31.7000007629394,31.2000007629394,33.0999984741211,35,35.2000007629394,35.4000015258789,36,36.5,36.9000015258789,52.2000007629394,52.7000007629394,53.0999984741211,53.5999984741211,54,55.2999992370606,56.5,57.7999992370606,59,60.2000007629394,61.5,62.7000007629394,63.7999992370606,65,66.0999984741211,67.3000030517578,67.5,
Armenia,88.6999969482422,88.5999984741211,88.6999969482422,88.8000030517578,88.8000030517578,88.6999969482422,88.9000015258789,89,88.6999969482422,88.9000015258789,89.1999969482422,78.8000030517578,77.1999969482422,76.4000015258789,76.5999984741211,77.5999984741211,78.0999984741211,78.3000030517578,79,79.1999969482422,79.5,79.9000015258789,80.3000030517578,80.5999984741211,80.8000030517578,81,81.0999984741211,81.5999984741211,
Australia,53,53.7000007629394,54,53.9000015258789,55.2999992370606,57.2000007629394,60.4000015258789,61.5,63.2999992370606,65.1999969482422,66.8000030517578,67.0999984741211,67.3000030517578,67.3000030517578,67.6999969482422,69.0999984741211,69,69.4000015258789,69.5,69.5,70.5999984741211,71.1999969482422,71.5999984741211,72.5,72,73.8000030517578,74.4000015258789,74.4000015258789,
Austria,56.0999984741211,56.7000007629394,57.2000007629394,57.2999992370606,58.5999984741211,59.0999984741211,59.7999992370606,60.5999984741211,61.5,62.2999992370606,64,65,67.0999984741211,69,71.8000030517578,73.0999984741211,73.0999984741211,74,74.4000015258789,75.5999984741211,76.3000030517578,77.0999984741211,79,80,79.5999984741211,79.9000015258789,80.9000015258789,81.9000015258789,
Azerbaijan,88.3000030517578,88.0999984741211,88.0999984741211,87.9000015258789,87.8000030517578,87.5999984741211,87.8000030517578,88,87.6999969482422,88,88.3000030517578,79.5,78.9000015258789,78.5,77.4000015258789,76.6999969482422,77,77.5,78.3000030517578,78.9000015258789,79.8000030517578,80.3000030517578,80.6999969482422,81,81.3000030517578,81.9000015258789,82.1999969482422,82.6999969482422,
Bahamas,70.1999969482422,71.0999984741211,72,72.9000015258789,73.8000030517578,74.5999984741211,75.5,76.3000030517578,77.0999984741211,77.8000030517578,78.5999984741211,78.3000030517578,77.5,77.8000030517578,77.1999969482422,77.1999969482422,78.4000015258789,78.9000015258789,79.6999969482422,80.4000015258789,81.4000015258789,80.9000015258789,81,81.6999969482422,81.9000015258789,82.5,83.0999984741211,83.1999969482422,
Bahrain,19.2999992370605,20.6000003814697,22,23.5,25,26.5,28.1000003814697,29.6000003814697,31.1000003814697,32.7000007629394,34.2999992370606,36,36.7999992370606,37.5999984741211,38.4000015258789,39.2000007629394,39.9000015258789,40.7000007629394,41.4000015258789,42.0999984741211,42.7999992370606,43.4000015258789,42.9000015258789,42.5999984741211,42.2000007629394,42.0999984741211,41.7000007629394,42.4000015258789,
Bangladesh,58.7000007629394,59.5,60.0999984741211,60.7999992370606,61.4000015258789,62,62.7000007629394,63.4000015258789,64.1999969482422,64.8000030517578,65.5,66,65,63.9000015258789,62.7999992370606,61.7000007629394,60.5,60.9000015258789,61.4000015258789,61.7999992370606,62.2000007629394,63,63.5999984741211,64.1999969482422,64.6999969482422,65.1999969482422,65.6999969482422,66.4000015258789,
Barbados,69.8000030517578,71.8000030517578,73.6999969482422,75.5,76.5999984741211,77.5999984741211,78.5,81.3000030517578,84.8000030517578,84.8000030517578,83.4000015258789,81.1999969482422,83.0999984741211,84.1999969482422,85.3000030517578,86.3000030517578,86,85.6999969482422,85.8000030517578,86,86.0999984741211,86.3000030517578,86.4000015258789,86.5999984741211,87.0999984741211,87.4000015258789,87.9000015258789,87.5,
Belarus,94.0999984741211,94.0999984741211,94.0999984741211,94.0999984741211,94.0999984741211,94.0999984741211,94.0999984741211,94.0999984741211,94.0999984741211,94.0999984741211,93.6999969482422,93.1999969482422,92.8000030517578,92.3000030517578,91.8000030517578,91.0999984741211,90.4000015258789,89.5,88.5,87.5,87.5,87.5999984741211,87.5999984741211,87.5999984741211,87.6999969482422,87.6999969482422,87.6999969482422,86.9000015258789,
Belgium,52,53.0999984741211,54.2000007629394,54.4000015258789,56.7000007629394,57.4000015258789,58.2000007629394,58.5999984741211,59.0999984741211,60.2999992370606,60.7999992370606,63.0999984741211,64.3000030517578,66.4000015258789,67.1999969482422,68.0999984741211,68.8000030517578,69.5999984741211,70.4000015258789,72.8000030517578,73,70.6999969482422,71.9000015258789,73,74.1999969482422,76.8000030517578,77,77.5999984741211,
Belize,22.1000003814697,21.8999996185303,21.7999992370605,21.1000003814697,21.2999992370605,21.2000007629395,21.1000003814697,22.7999992370605,24.2000007629395,26.5,27.7000007629395,29.6000003814697,33.5,37.5,41.7999992370606,42.4000015258789,43,44.2999992370606,45.5999984741211,46.7999992370606,48.0999984741211,49.4000015258789,50.7000007629394,52,53.2999992370606,54.5,55.7999992370606,55.5,
Benin,43.2000007629394,43.5999984741211,43.2999992370606,42.4000015258789,42.7999992370606,42.9000015258789,42.7000007629394,45.7999992370606,49,52.2000007629394,55.4000015258789,58.5999984741211,61.5999984741211,61.5999984741211,62,62.2999992370606,62.7000007629394,63.2000007629394,63.5,64,64.5,65.0999984741211,65.5,65.9000015258789,66.0999984741211,66.4000015258789,66.6999969482422,67.3000030517578,
Bhutan,37.7999992370606,36.7999992370606,35.5999984741211,34.4000015258789,33.4000015258789,32.5,31.7999992370606,31.3999996185303,30.8999996185303,30.2999992370606,29.2000007629394,27.7999992370605,26.1000003814697,24.2000007629395,22.6000003814697,21.5,21,20.8999996185303,21.5,22.7000007629395,24.5,27.2000007629395,30.7000007629394,34.5999984741211,38.7000007629394,42.4000015258789,45.7000007629394,49.7999992370606,
Bolivia,43.2000007629394,43.4000015258789,44.0999984741211,45.0999984741211,46,47,47.9000015258789,48.7000007629394,49.4000015258789,50.2000007629394,50.9000015258789,54.0999984741211,57.2000007629394,60.2999992370606,63.2000007629394,66.0999984741211,68,69.5,70.0999984741211,70.6999969482422,71.4000015258789,72.4000015258789,73.5,74.9000015258789,76.4000015258789,78,79.8000030517578,79.5999984741211,
Bosnia and Herzegovina,88.3000030517578,88.4000015258789,88.4000015258789,88.5,88.5999984741211,88.6999969482422,88.8000030517578,88.9000015258789,89,89,89.0999984741211,76.4000015258789,76,76.0999984741211,76.4000015258789,78.0999984741211,80.9000015258789,81.5,81.4000015258789,81.5,81.5,81.5,81.5999984741211,81.5999984741211,81.6999969482422,81.8000030517578,81.9000015258789,82.0999984741211,
Botswana,46.7000007629394,46.4000015258789,47,47.5,48.0999984741211,48.5999984741211,49.0999984741211,49.7000007629394,50.2000007629394,50.7999992370606,51.2999992370606,51.9000015258789,54.2000007629394,56.5999984741211,59,61.2999992370606,63.5,63.5999984741211,63.7000007629394,63.0999984741211,62.5,61.0999984741211,63.0999984741211,63,63.7999992370606,64.6999969482422,65.1999969482422,64.3000030517578,
Brazil,36,36.5999984741211,37.0999984741211,37.2999992370606,37.5999984741211,38.0999984741211,38.4000015258789,39.2999992370606,40.0999984741211,41.0999984741211,41.9000015258789,44.2000007629394,46.5999984741211,48.5,50.7999992370606,53.2000007629394,55.2000007629394,57.5999984741211,60,62.0999984741211,63.7999992370606,65.3000030517578,67,67.8000030517578,69.0999984741211,69.6999969482422,70.0999984741211,71.6999969482422,
Brunei,33.4000015258789,34.2999992370606,36.4000015258789,38.4000015258789,40.4000015258789,42.5999984741211,44.9000015258789,47.2000007629394,49.5999984741211,52,54.2999992370606,56.7000007629394,58,59.2999992370606,60.5,61.7000007629394,62.7999992370606,63.9000015258789,64.9000015258789,65.9000015258789,66.9000015258789,67.9000015258789,68.3000030517578,68.6999969482422,69.3000030517578,70,70.8000030517578,71.5999984741211,
Bulgaria,93.3000030517578,93.4000015258789,93.4000015258789,93.4000015258789,93.3000030517578,93.3000030517578,93,92.8000030517578,92.5,92.4000015258789,92.3000030517578,91.0999984741211,90.9000015258789,89.8000030517578,88.5,87,85.3000030517578,83.3000030517578,81.0999984741211,78.6999969482422,76.0999984741211,79.8000030517578,78.9000015258789,76.0999984741211,76.4000015258789,76.5999984741211,78.8000030517578,76,
Burkina Faso,80.8000030517578,80.8000030517578,81.1999969482422,81,80.6999969482422,81,81.5999984741211,82.1999969482422,82.8000030517578,83.3000030517578,83.8000030517578,84.1999969482422,84.0999984741211,84.1999969482422,84.0999984741211,84.1999969482422,84.4000015258789,84.5999984741211,84.5,84.8000030517578,84.6999969482422,85,85.0999984741211,85.4000015258789,85.5999984741211,85.8000030517578,86.0999984741211,86.0999984741211,
Burundi,95,95.1999969482422,95.1999969482422,95.3000030517578,95.3000030517578,95.4000015258789,95.4000015258789,95.8000030517578,96.0999984741211,96.3000030517578,96.4000015258789,96.4000015258789,96.3000030517578,96.0999984741211,96,95.8000030517578,95.5,95.4000015258789,95.4000015258789,95.4000015258789,95.3000030517578,95.4000015258789,95.5999984741211,95.5999984741211,95.6999969482422,95.6999969482422,95.8000030517578,95.8000030517578,
Cambodia,83.6999969482422,83.8000030517578,83.9000015258789,84.0999984741211,84.1999969482422,84.0999984741211,84.1999969482422,84.3000030517578,84.5,84.8000030517578,85,85.1999969482422,85.4000015258789,85.5,85.8000030517578,85.9000015258789,86,85.5,85,84.5,83.9000015258789,83.4000015258789,82.8000030517578,82.0999984741211,81.5,81.5999984741211,81.8000030517578,80.5,
Cameroon,67,65.5999984741211,63.9000015258789,64.6999969482422,65.3000030517578,66.0999984741211,66.1999969482422,65.6999969482422,64.4000015258789,64.0999984741211,63.4000015258789,62.9000015258789,62.2999992370606,61.7999992370606,61.5,61.7999992370606,62.2000007629394,62.7999992370606,63.2000007629394,63.7000007629394,64.1999969482422,64.6999969482422,65,65.0999984741211,65.3000030517578,65.5,65.9000015258789,66.3000030517578,
Canada,60,62.5999984741211,63.5,65.0999984741211,66.6999969482422,68.5999984741211,70.1999969482422,71.5,73.1999969482422,74.4000015258789,75.5,75.9000015258789,75.3000030517578,75.6999969482422,75.4000015258789,75.6999969482422,76,76.8000030517578,77.5999984741211,78.1999969482422,78.5,79.0999984741211,80.4000015258789,81.0999984741211,81.5,81.0999984741211,81.3000030517578,82.5,
Cape Verde,46.4000015258789,46.4000015258789,46.5,46.4000015258789,46.2000007629394,46.2999992370606,46.4000015258789,46.2000007629394,46.4000015258789,46.5999984741211,46.4000015258789,46.5,46.9000015258789,47.9000015258789,48.7999992370606,49.9000015258789,50.5999984741211,51.5,52.5999984741211,53.9000015258789,55,55.5999984741211,56.4000015258789,57.2000007629394,57.5999984741211,59.2999992370606,60.2000007629394,62.4000015258789,
Central African Rep.,76.6999969482422,76.1999969482422,76.6999969482422,75.8000030517578,76.1999969482422,76.1999969482422,76.1999969482422,75.5,75.3000030517578,75.1999969482422,74.5999984741211,74.3000030517578,73.5,73.4000015258789,73.8000030517578,74.1999969482422,73.5999984741211,73.9000015258789,74.1999969482422,74.3000030517578,74.4000015258789,74.3000030517578,74.0999984741211,73.1999969482422,73.1999969482422,73.3000030517578,73.5,73.0999984741211,
Chad,27.3999996185303,30.2000007629394,33.2999992370606,36.5,39.7999992370606,43.2000007629394,46.7000007629394,50.2000007629394,53.7000007629394,57.0999984741211,60.5,63.7999992370606,66.9000015258789,69.9000015258789,71.4000015258789,70.5999984741211,70.5,71.0999984741211,71.5,70.8000030517578,70.3000030517578,71.5,72.5999984741211,77.1999969482422,80.9000015258789,81.9000015258789,81.4000015258789,81.4000015258789,
Chile,36.5,37,37.5999984741211,39.7000007629394,39.7000007629394,38.9000015258789,39.2000007629394,40,40.9000015258789,41.7999992370606,41.7999992370606,41.7999992370606,43.9000015258789,45.4000015258789,45.4000015258789,44.2000007629394,45.4000015258789,46.5999984741211,48.0999984741211,48.9000015258789,47.9000015258789,48.0999984741211,48.5,49.9000015258789,53.2000007629394,52.4000015258789,54.7000007629394,54,
China,80.9000015258789,81.0999984741211,81.3000030517578,82,82.6999969482422,83.3000030517578,84,84.6999969482422,85.3000030517578,85.9000015258789,86.5,86.8000030517578,87.0999984741211,87.5,87.6999969482422,88,88.0999984741211,88.1999969482422,88.1999969482422,88.1999969482422,88.1999969482422,88.1999969482422,88.1999969482422,88.1999969482422,88.1999969482422,88.1999969482422,88.4000015258789,88.4000015258789,
Colombia,45.2999992370606,47.5,49.7000007629394,51.7000007629394,53.5,55,56,57.9000015258789,58.2000007629394,58.4000015258789,57.5,61.5,64.0999984741211,64.8000030517578,63.5999984741211,64.0999984741211,64.5999984741211,67.5999984741211,69.0999984741211,73.6999969482422,74.9000015258789,76,77.0999984741211,78.3000030517578,79.6999969482422,81.0999984741211,82.6999969482422,82.8000030517578,
Comoros,71.4000015258789,71.5,71.8000030517578,72,72.0999984741211,72.1999969482422,72.1999969482422,72.0999984741211,72.4000015258789,71.8000030517578,72.3000030517578,71.6999969482422,72.3000030517578,72.6999969482422,72.3000030517578,72.5999984741211,72.5999984741211,73.0999984741211,73.3000030517578,73.5999984741211,73.8000030517578,74,74.3000030517578,74.4000015258789,74.5,74.6999969482422,74.6999969482422,75.4000015258789,
"Congo, Rep.",59.5,60.5,62.7000007629394,63.2000007629394,63.4000015258789,63,61,60.7000007629394,62.5999984741211,62.7999992370606,63,62.9000015258789,62.5,62.2999992370606,61.5,66.1999969482422,66.5999984741211,63.9000015258789,63.4000015258789,63.7000007629394,64.1999969482422,64.4000015258789,64.0999984741211,63.5,63.5999984741211,63.9000015258789,64.4000015258789,63.5999984741211,
"Congo, Dem. Rep.",68,67.9000015258789,67.5,67.1999969482422,67.5999984741211,67.5999984741211,67.6999969482422,67.6999969482422,67.4000015258789,66.8000030517578,65.8000030517578,64.4000015258789,61.7000007629394,60.4000015258789,60.2000007629394,60.0999984741211,58.7999992370606,57.9000015258789,57.4000015258789,56.9000015258789,55.9000015258789,55.2999992370606,54.9000015258789,54.9000015258789,55.4000015258789,55.9000015258789,56,55,
Costa Rica,38.4000015258789,39,37.7999992370606,36.5999984741211,37.5999984741211,37.2000007629394,38.0999984741211,39.4000015258789,40.9000015258789,42.2999992370606,42.7000007629394,41.5999984741211,44.0999984741211,46,46.5,48.2999992370606,47.4000015258789,48.7000007629394,50.2999992370606,53.7000007629394,52,52.4000015258789,52.4000015258789,52.5,51.5999984741211,53,55,55,
Cote d'Ivoire,50.7999992370606,50.7000007629394,50.0999984741211,49.2999992370606,47.9000015258789,48.0999984741211,47.5999984741211,47.2999992370606,47,47.5999984741211,47.2000007629394,46.5999984741211,46.2000007629394,46,45.5,46.2000007629394,46.9000015258789,47.4000015258789,48,48.4000015258789,48,48,47.7999992370606,47.5,47.7000007629394,47.7000007629394,47.9000015258789,47.7000007629394,
Croatia,77.1999969482422,77.3000030517578,77.3000030517578,77.4000015258789,77.5,77.5999984741211,77.6999969482422,77.9000015258789,78.0999984741211,78.1999969482422,78.3000030517578,72.0999984741211,72.5,72.9000015258789,73.3000030517578,73.5,73.5999984741211,73.6999969482422,73.6999969482422,73.6999969482422,73.6999969482422,73.9000015258789,73.8000030517578,73.6999969482422,73.5999984741211,73.5999984741211,73.5,74.0999984741211,
Cuba,47.9000015258789,47.2999992370606,46,45.4000015258789,46,45.7999992370606,46.7999992370606,47.7999992370606,49,50.2000007629394,51.2999992370606,52.5,53.2999992370606,54.4000015258789,55.5999984741211,57,58.5999984741211,60.2999992370606,62.0999984741211,63.5,64.5999984741211,65.0999984741211,65.5,66,65.9000015258789,66.5999984741211,68,68.3000030517578,
Cyprus,41.5999984741211,43,46,48.4000015258789,51.2000007629394,53.7000007629394,55.7000007629394,56.4000015258789,59,60.9000015258789,61.7000007629394,61.7000007629394,64.1999969482422,64,63.7999992370606,63.5,64.5999984741211,65.6999969482422,66.6999969482422,67.6999969482422,68.5999984741211,72.1999969482422,74.8000030517578,76.6999969482422,77.4000015258789,76.5,77.3000030517578,79.1999969482422,
Czech Rep.,87.3000030517578,87.5,87.6999969482422,87.9000015258789,88.1999969482422,88.4000015258789,88.6999969482422,88.9000015258789,89.0999984741211,89.3000030517578,89.4000015258789,83.4000015258789,83.5,83.5,83.3000030517578,83,82,82,81.8000030517578,82,81.8000030517578,81.9000015258789,81.5,81,80.9000015258789,81.5999984741211,81.3000030517578,83.1999969482422,
Denmark,83.1999969482422,83,83.5,84,82.6999969482422,84.5,85.9000015258789,85.6999969482422,86.4000015258789,86.5,87.6999969482422,87.5,87.4000015258789,86.6999969482422,82.5999984741211,82.0999984741211,82.0999984741211,81.9000015258789,82.9000015258789,83.5999984741211,84.4000015258789,83.5999984741211,84.4000015258789,83.5,84.9000015258789,84.0999984741211,85.0999984741211,85.4000015258789,
Djibouti,70.3000030517578,70,69.5,69.6999969482422,69.8000030517578,69.5999984741211,68.9000015258789,69.0999984741211,69,69.0999984741211,69.9000015258789,70.5,71.0999984741211,71.4000015258789,71.6999969482422,72,71.6999969482422,71.6999969482422,71.6999969482422,71.8000030517578,71.9000015258789,72.3000030517578,72.5999984741211,72.5999984741211,72.9000015258789,73.4000015258789,74,73.8000030517578,
Dominican Rep.,34,34.7000007629394,34.2000007629394,33.7999992370606,33.2999992370606,32.9000015258789,32.5,32.0999984741211,31.7000007629394,31.2999992370606,30.8999996185303,30.5,30.1000003814697,29.7000007629394,33.2999992370606,37.2000007629394,41.2000007629394,45.4000015258789,49.7000007629394,53.9000015258789,58.2000007629394,62.2999992370606,66.3000030517578,66.6999969482422,66.1999969482422,67.1999969482422,70.6999969482422,71.6999969482422,
Timor-Leste,58.9000015258789,58.5999984741211,58.2000007629394,58,57.7000007629394,57.2999992370606,57,56.5999984741211,56.2000007629394,56,55.9000015258789,55.9000015258789,56,56.2999992370606,56.7999992370606,57.5999984741211,58.7000007629394,60.0999984741211,61.5999984741211,63,63.9000015258789,64.1999969482422,64,63.5999984741211,63.2999992370606,63.0999984741211,63.0999984741211,64.5999984741211,
Ecuador,26.2999992370605,26.7000007629395,22.5,24.5,26.7000007629395,28.8999996185303,31.2999992370606,33.7000007629394,36.2999992370606,36.2999992370606,36.2000007629394,38,39.7999992370606,41.5999984741211,43.5,45.2999992370606,46.9000015258789,48.5,49.9000015258789,51.2000007629394,52.5999984741211,54.0999984741211,55.5,57,58.5999984741211,60.0999984741211,61.5999984741211,61.7000007629394,
Egypt,20.2000007629395,20.7999992370605,21.3999996185303,22.2000007629395,22.3999996185303,23,23.7999992370605,24.8999996185303,25.8999996185303,26.7999992370605,26.7999992370605,25.7000007629395,25.2999992370605,26.1000003814697,26.5,26.1000003814697,26,25.8999996185303,25.8999996185303,25.7999992370605,26.8999996185303,28.2999992370606,28.2000007629394,28.7000007629394,29.1000003814697,29.5,29.7000007629394,30.2000007629394,
El Salvador,48.9000015258789,50.5999984741211,52.2999992370606,53.9000015258789,55.5999984741211,57.2000007629394,58.9000015258789,60.5,62.0999984741211,63.7000007629394,65.1999969482422,64.4000015258789,50.7999992370606,52.9000015258789,55.7999992370606,54.4000015258789,53.5,54.5,57.0999984741211,58.0999984741211,58.2999992370606,58.5,58.5999984741211,59.9000015258789,57.7999992370606,58.5,59.5,60.2999992370606,
Equatorial Guinea,43.5,43.4000015258789,43.2999992370606,43.2999992370606,43.2000007629394,43.0999984741211,42.9000015258789,42.7000007629394,42.5,42.2000007629394,42,41.7000007629394,41.5999984741211,41.4000015258789,41.4000015258789,41.4000015258789,42,42.5999984741211,42.7000007629394,44.4000015258789,44.9000015258789,45.2999992370606,45.2999992370606,45.4000015258789,45.5,45.7000007629394,45.5999984741211,41.4000015258789,
Eritrea,57,56.9000015258789,56.5,56.2000007629394,55.7999992370606,55.9000015258789,56.2000007629394,56.7000007629394,57.2999992370606,57.5,57.7000007629394,57.5999984741211,57.0999984741211,58.4000015258789,60.5,60.5,61.7000007629394,62.4000015258789,62.4000015258789,62.5,60.9000015258789,61.9000015258789,62,62.2999992370606,62.4000015258789,62.5999984741211,62.5,62.2000007629394,
Estonia,87.4000015258789,87.4000015258789,87.5,87.5999984741211,87.5999984741211,87.6999969482422,87.6999969482422,87.6999969482422,87.5999984741211,87.5999984741211,87.4000015258789,86.3000030517578,86,85.6999969482422,85.4000015258789,85,84.8000030517578,84.5,84.0999984741211,83.9000015258789,83.5,82.8000030517578,80.9000015258789,82.0999984741211,82.5999984741211,83,82.6999969482422,81.0999984741211,
Ethiopia,61.7999992370606,61.9000015258789,61.7000007629394,62.0999984741211,61.7000007629394,62.5,63.2999992370606,64.0999984741211,64.9000015258789,65.6999969482422,66.5,67.3000030517578,68,68.8000030517578,69.5,71.3000030517578,72.9000015258789,74.5,76,77.5,79,80.5,81.9000015258789,83.1999969482422,84.4000015258789,85.5999984741211,86.4000015258789,87.6999969482422,
Fiji,24.5,24.6000003814697,24.3999996185303,24.1000003814697,24.3999996185303,24.1000003814697,24.3999996185303,26.2000007629395,28,30,32.0999984741211,34.2000007629394,36.4000015258789,38.5999984741211,41,43.2999992370606,45.7000007629394,45.5999984741211,45.7000007629394,46.0999984741211,45.2999992370606,45.5999984741211,45.7000007629394,45.9000015258789,46.0999984741211,46.0999984741211,46.2999992370606,46.0999984741211,
Finland,81.6999969482422,83.0999984741211,84.3000030517578,84.5,84.9000015258789,85.4000015258789,86.3000030517578,86.6999969482422,86.9000015258789,87.4000015258789,86.5999984741211,85.4000015258789,84.4000015258789,83.9000015258789,84,84.5,84.6999969482422,84.0999984741211,84.1999969482422,84.6999969482422,85,85,85.4000015258789,84.6999969482422,84.5,85.0999984741211,85.3000030517578,85.1999969482422,
France,63.7999992370606,64.8000030517578,66,67,68.0999984741211,68.9000015258789,70.3000030517578,70.5,71.1999969482422,72.0999984741211,72.8000030517578,73.8000030517578,74.9000015258789,76.0999984741211,76.8000030517578,77.3000030517578,77.8000030517578,77.4000015258789,78,78.5,78.4000015258789,78.6999969482422,79,79.6999969482422,80.3000030517578,80.6999969482422,81.1999969482422,81.3000030517578,
French Guiana,66.1999969482422,66,65,65.1999969482422,65.3000030517578,65.5,65.5999984741211,65.8000030517578,65.9000015258789,66,66.0999984741211,66.5999984741211,67,67.4000015258789,67.9000015258789,68.3000030517578,68.8000030517578,69.1999969482422,69.6999969482422,70.0999984741211,70.5,70.5,70.6999969482422,71.0999984741211,71,71.5,72,72.3000030517578,
French Polynesia,52.5999984741211,52.9000015258789,53.2999992370606,53.5,54.7999992370606,56.2000007629394,57.5,58.7999992370606,60.0999984741211,60.2000007629394,60.2000007629394,60.4000015258789,60.2999992370606,60.2000007629394,60.2000007629394,60.0999984741211,60,59.9000015258789,60.2000007629394,60.2000007629394,60.2999992370606,60,59.9000015258789,59.9000015258789,59.7999992370606,59.7999992370606,59.9000015258789,59.9000015258789,
Gabon,74.8000030517578,74.5,73.6999969482422,73.6999969482422,73.5999984741211,73,72.4000015258789,70.0999984741211,70.9000015258789,71.0999984741211,71.6999969482422,72,71.6999969482422,71.5,71.5999984741211,72.4000015258789,72.8000030517578,72.9000015258789,73,72.5,72.9000015258789,73.3000030517578,73.8000030517578,74,74.4000015258789,74.4000015258789,74.6999969482422,74.6999969482422,
Gambia,74,73.9000015258789,73.5999984741211,74.5,73.8000030517578,73.8000030517578,75,73.0999984741211,73.3000030517578,74.3000030517578,74.5,74.1999969482422,73.9000015258789,73.9000015258789,73.6999969482422,73.5,73.4000015258789,73.6999969482422,74.0999984741211,74.5,74.8000030517578,75.0999984741211,74.6999969482422,75.0999984741211,75.3000030517578,75.5,76,76.8000030517578,
Georgia,87.3000030517578,87,86.9000015258789,86.5999984741211,86.4000015258789,86.0999984741211,86.5,86.4000015258789,86,86.4000015258789,87.5999984741211,75.6999969482422,71.8000030517578,68.5,67.4000015258789,68.5,69.9000015258789,70.6999969482422,71.1999969482422,71.8000030517578,67.5999984741211,71.5,69,70,70.5999984741211,69.8000030517578,70.4000015258789,69.8000030517578,
Germany,55.9000015258789,56.5999984741211,57.2000007629394,57.2999992370606,58.7999992370606,60.0999984741211,60.7000007629394,61,62.2000007629394,63,66.6999969482422,72.0999984741211,72.1999969482422,72.5999984741211,72.6999969482422,73.0999984741211,73.8000030517578,74.6999969482422,75.9000015258789,76.5999984741211,77,77.5,78.1999969482422,78.9000015258789,79.6999969482422,79.0999984741211,80.4000015258789,81,
Ghana,83.8000030517578,83.4000015258789,82.6999969482422,82.0999984741211,82.5,82.5999984741211,82.8000030517578,83,83.1999969482422,83.4000015258789,83.5,83.6999969482422,83.9000015258789,84.0999984741211,84.3000030517578,84.5999984741211,84.9000015258789,85.0999984741211,85.4000015258789,85.8000030517578,86.0999984741211,86.3000030517578,86.5999984741211,86.9000015258789,87.3000030517578,87.5999984741211,87.9000015258789,87.9000015258789,
Greece,45,44.7000007629394,44.2999992370606,43.7000007629394,45.5999984741211,47.7000007629394,48,48.5999984741211,50.2999992370606,51.7999992370606,51.7999992370606,49.5,52.2000007629394,52.9000015258789,54.2000007629394,55.2999992370606,57.2999992370606,58.0999984741211,60.2999992370606,62,62.2999992370606,61.9000015258789,63.4000015258789,65.0999984741211,67.5,68.4000015258789,69.0999984741211,70,
Guadeloupe,63.7000007629394,63.5999984741211,63.0999984741211,64.5999984741211,66.1999969482422,67.6999969482422,69.1999969482422,70.3000030517578,71.4000015258789,72.4000015258789,73.4000015258789,74.4000015258789,75.3000030517578,76.1999969482422,77.0999984741211,77.9000015258789,78.6999969482422,79.4000015258789,80.1999969482422,80.9000015258789,81.5,81.8000030517578,82.0999984741211,82.5999984741211,82.5999984741211,83.0999984741211,83.9000015258789,84,
Guam,55.7999992370606,56,56.2000007629394,56.4000015258789,56.5,56.7000007629394,56.7999992370606,56.9000015258789,57.0999984741211,57.2999992370606,57.7000007629394,58.2999992370606,59,59.7999992370606,60.5,61.2000007629394,61.7000007629394,62.0999984741211,62.5,63.0999984741211,63.9000015258789,64.8000030517578,66,67.0999984741211,68.0999984741211,68.8000030517578,69.1999969482422,70,
Guatemala,35.7000007629394,35.2999992370606,33.5999984741211,32.2000007629394,31.7999992370606,30.7999992370606,30.5,30.7000007629394,31.1000003814697,31.6000003814697,30.7999992370606,30,29.2000007629394,28.3999996185303,27.7000007629395,26.8999996185303,26.2000007629395,25.5,24.7999992370605,24.2000007629395,28.7999992370606,34,39.5,45.4000015258789,51.4000015258789,51.7999992370606,52.9000015258789,55.5999984741211,
Guinea,89.6999969482422,89.5999984741211,89.5,89.3000030517578,89.1999969482422,89.1999969482422,89.1999969482422,89.0999984741211,89.1999969482422,89.3000030517578,89.3000030517578,89.0999984741211,89,88.9000015258789,88.9000015258789,89.0999984741211,89.1999969482422,89.3000030517578,89.5,89.5999984741211,89.5999984741211,89.8000030517578,89.8000030517578,89.8000030517578,89.8000030517578,89.9000015258789,90,90.1999969482422,
Guinea-Bissau,59.2000007629394,60.0999984741211,60.2000007629394,59.2999992370606,59.9000015258789,58.7999992370606,59.7000007629394,60.2000007629394,60.5,60.7999992370606,60.9000015258789,61.2999992370606,60.9000015258789,60.5999984741211,60.4000015258789,60.5999984741211,61.4000015258789,61.5,57.2999992370606,57.7000007629394,58,57.9000015258789,56,55.5999984741211,55.2999992370606,55.2000007629394,55.0999984741211,53.5999984741211,
Guyana,29.2000007629394,30.6000003814697,32.0999984741211,33.5999984741211,35.2000007629394,36.7999992370606,38.5,40.0999984741211,41.2000007629394,42.2000007629394,43.2000007629394,44.2000007629394,45.2999992370606,46.2999992370606,47.4000015258789,48.2999992370606,50.9000015258789,54.5,53.7999992370606,53.7000007629394,54.5,57,58.4000015258789,59.2999992370606,60.5,61.7000007629394,65.5999984741211,64.6999969482422,
Haiti,69.4000015258789,66.5,63.2999992370606,62.7000007629394,61.7000007629394,60.7000007629394,59.7000007629394,58.5999984741211,57.5999984741211,55.4000015258789,53.2999992370606,54.4000015258789,47.0999984741211,45.2999992370606,40.7000007629394,38.0999984741211,38.7000007629394,38.7000007629394,38.4000015258789,38.5,37.7000007629394,36.5,35.7000007629394,34.9000015258789,33.7000007629394,34,34.5,34.2000007629394,
Honduras,36.7999992370606,36.7000007629394,36.4000015258789,37,37.5,38.5999984741211,39.7999992370606,40.9000015258789,42.0999984741211,43.2000007629394,44.4000015258789,45.5,46.7000007629394,47.9000015258789,49.0999984741211,50.2000007629394,51.4000015258789,52.5999984741211,53.7999992370606,55,53.7999992370606,52.5999984741211,51,49.4000015258789,47.7999992370606,45.7000007629394,47.2999992370606,46.5999984741211,
"Hong Kong, China",47.5,51.0999984741211,51.0999984741211,53.5999984741211,55.5,55.7999992370606,57.2999992370606,57.7000007629394,58.2000007629394,57.4000015258789,57.7999992370606,59.5999984741211,58.4000015258789,58.5999984741211,59.5999984741211,60.7999992370606,61.2999992370606,62.0999984741211,62.7000007629394,63.5999984741211,64.5999984741211,66.1999969482422,68,68,68.5999984741211,69.0999984741211,69.9000015258789,71.9000015258789,
Hungary,77,77,77.0999984741211,77.0999984741211,77.1999969482422,77.3000030517578,77.4000015258789,77.5999984741211,77.6999969482422,77.8000030517578,77.9000015258789,77.0999984741211,76.1999969482422,73.9000015258789,71.4000015258789,68.6999969482422,68.4000015258789,66.9000015258789,67.9000015258789,69.6999969482422,70.4000015258789,70.0999984741211,69.8000030517578,70.9000015258789,70.8000030517578,72.0999984741211,72.8000030517578,73.1999969482422,
Iceland,78.0999984741211,79.0999984741211,80,80.3000030517578,80.5,80.4000015258789,81,81.5,82.3000030517578,83.0999984741211,83,82.9000015258789,84.4000015258789,84.8000030517578,86.3000030517578,88,86.8000030517578,84.9000015258789,85.3000030517578,86.9000015258789,88.0999984741211,88,88.1999969482422,88,85.3000030517578,85,85.5,87.4000015258789,
India,38.7000007629394,38.7999992370606,39.0999984741211,39.2999992370606,39.5999984741211,39.9000015258789,40.2000007629394,40.5,40.7999992370606,41.2000007629394,41.5,41.7999992370606,42.2000007629394,42.5,42.9000015258789,42.7000007629394,42.4000015258789,42.2000007629394,42,41.7999992370606,41.5,41.5,41.5,41.4000015258789,41.4000015258789,41.9000015258789,42.5,41.5999984741211,
Indonesia,49.7999992370606,50.0999984741211,50.0999984741211,50.2000007629394,50.2999992370606,50.4000015258789,58.5999984741211,59.5,60.4000015258789,59.2999992370606,58.2999992370606,57.2999992370606,56.2999992370606,56.2999992370606,56.4000015258789,56.4000015258789,56.4000015258789,56.5,58.5999984741211,58.2999992370606,57.2000007629394,56.0999984741211,55,55.2000007629394,55.5,55.7000007629394,54.4000015258789,55,
Iran,22.8999996185303,22.6000003814697,23.1000003814697,23.3999996185303,23.2999992370605,23.2999992370605,22.7999992370605,23.1000003814697,23.5,23.7999992370605,24.1000003814697,24.5,25.5,26.6000003814697,27.7000007629395,28.8999996185303,30,30.3999996185303,30.7999992370606,31.2000007629394,31.7000007629394,32.0999984741211,32.5999984741211,33,33.5,34,34.9000015258789,35.5,
Iraq,14.3999996185303,14.3000001907349,14.1999998092651,14.3999996185303,14.6000003814697,14.6000003814697,14.3000001907349,14.5,14.6999998092651,15,15.1999998092651,15.3999996185303,15.6000003814697,15.8999996185303,16.1000003814697,16.3999996185303,16.7000007629395,16.8999996185303,17.2000007629395,17.5,17.7999992370605,18.1000003814697,18.3999996185303,18.7000007629395,19,19.2999992370605,19.7000007629395,19.7000007629395,
Ireland,28.2000007629394,29.1000003814697,31,32.9000015258789,34.7999992370606,36.7999992370606,38.7000007629394,40.2999992370606,41.9000015258789,43.5,45.0999984741211,46.7999992370606,49,51.2999992370606,53.5,54.7000007629394,57.7000007629394,58.4000015258789,60.7000007629394,62.9000015258789,64.9000015258789,65.9000015258789,67.5999984741211,67.3000030517578,68,69.5999984741211,70.4000015258789,72.0999984741211,
Israel,48.7999992370606,50.2999992370606,50.7999992370606,52.0999984741211,53.5,54,54.5999984741211,55.4000015258789,57,58.9000015258789,59.0999984741211,60,61.9000015258789,62.9000015258789,64.0999984741211,64.9000015258789,65.5999984741211,65.9000015258789,66.5999984741211,67.9000015258789,68.4000015258789,68.5,69.3000030517578,70,70.5,70.9000015258789,71.1999969482422,71,
Italy,44.2999992370606,45.2999992370606,45.5,45.9000015258789,47.2000007629394,47.7999992370606,49.5,51.0999984741211,52.0999984741211,53.2999992370606,53.9000015258789,54.4000015258789,55.5999984741211,52.2999992370606,52.7000007629394,53.4000015258789,54.0999984741211,54.5999984741211,55.9000015258789,57,57.9000015258789,59.2999992370606,60.4000015258789,61,63.5999984741211,63.5999984741211,64.3000030517578,66.3000030517578,
Jamaica,86.0999984741211,85.5999984741211,86.4000015258789,86.3000030517578,86.0999984741211,85.9000015258789,85.6999969482422,85.5999984741211,85.4000015258789,85.1999969482422,85,85.8000030517578,86.5,87.1999969482422,87.9000015258789,87,86,85,83.9000015258789,82.6999969482422,81.4000015258789,80.0999984741211,78.5999984741211,77.1999969482422,76,76.3000030517578,76.4000015258789,74.4000015258789,
Japan,56.7000007629394,57.2000007629394,58.2000007629394,59.5999984741211,60,60.2999992370606,60.9000015258789,61.5,62.2000007629394,63.2000007629394,64.1999969482422,65,65.4000015258789,65.1999969482422,65.3000030517578,65.1999969482422,65.6999969482422,66.5999984741211,66.5,66.4000015258789,66.5,67.3000030517578,67.3000030517578,67.8000030517578,68,68.8000030517578,69.3000030517578,69.3000030517578,
Jordan,11.8999996185303,12.1000003814697,12.6000003814697,13,13.6000003814697,13.8000001907349,13.8999996185303,13.8000001907349,13.6000003814697,13.1999998092651,13.5,14,15.3999996185303,16.8999996185303,17.7999992370605,18.5,18.7999992370605,18.8999996185303,19,19.1000003814697,19.2000007629395,19.5,20,20.3999996185303,21,21.3999996185303,21.8999996185303,21.6000003814697,
Kazakhstan,88.3000030517578,88.3000030517578,88.4000015258789,88.5,88.5,88.5,88.5,88.4000015258789,88.0999984741211,88.0999984741211,88.0999984741211,88.3000030517578,88.5,88.8000030517578,89,89.0999984741211,89.0999984741211,89,88.9000015258789,88.8000030517578,88.5999984741211,88.5,88.4000015258789,88.1999969482422,87.9000015258789,88,88,88.0999984741211,
Kenya,81.6999969482422,81.6999969482422,81.5,81.3000030517578,81.0999984741211,81.1999969482422,81.5,81.6999969482422,82,82.1999969482422,82.3000030517578,82.4000015258789,82.5,82.5999984741211,82.6999969482422,82.9000015258789,83,83.0999984741211,83.1999969482422,83.1999969482422,83.3000030517578,83.5999984741211,83.5999984741211,83.6999969482422,83.9000015258789,83.9000015258789,84.0999984741211,84.1999969482422,
"Korea, Dem. Rep.",53.7000007629394,54,54.0999984741211,54.0999984741211,54.2999992370606,54.7000007629394,55.2999992370606,56.0999984741211,57,57.9000015258789,58.7999992370606,59.5999984741211,60.4000015258789,61.2000007629394,62.0999984741211,62.9000015258789,63.7999992370606,64.6999969482422,65.5999984741211,66.5999984741211,67.8000030517578,69.0999984741211,70.4000015258789,71.8000030517578,73,74,75,75.8000030517578,
"Korea, Rep.",47.0999984741211,47.2000007629394,49,48.5999984741211,46.5,48.2000007629394,49.5999984741211,51.7999992370606,52.2000007629394,53.7999992370606,53.7000007629394,53.5,53.4000015258789,53.7999992370606,54.9000015258789,55.5,56.7999992370606,58.2999992370606,55.9000015258789,56.5,57.7999992370606,58.4000015258789,59.0999984741211,58.4000015258789,59.7000007629394,60.4000015258789,61.5,60.4000015258789,
Kuwait,26.7999992370605,29.7000007629394,30.8999996185303,31.2000007629394,33.5999984741211,36.0999984741211,38.5999984741211,41.2000007629394,43.7999992370606,43.2000007629394,43.2999992370606,43.9000015258789,45,46.5999984741211,48.4000015258789,49.7999992370606,51.2999992370606,52.4000015258789,52.5,52.5999984741211,52.9000015258789,53.2999992370606,53.2999992370606,52.7999992370606,53.2999992370606,53.2000007629394,53,53.4000015258789,
Kyrgyzstan,83.4000015258789,83.5999984741211,83.8000030517578,84,84.3000030517578,84.5,84.5,84.5,84.4000015258789,84.4000015258789,83.9000015258789,83.5,83.0999984741211,82.6999969482422,82.1999969482422,81.4000015258789,80.5,79.3000030517578,78.0999984741211,76.9000015258789,75.5999984741211,74.4000015258789,73.0999984741211,73.1999969482422,73.1999969482422,72.8000030517578,73,72,
Laos,89.8000030517578,89.9000015258789,90,90.0999984741211,90.1999969482422,90.3000030517578,90.4000015258789,90.3000030517578,90.3000030517578,90.5999984741211,90.6999969482422,90.6999969482422,90.9000015258789,91,91.0999984741211,91.1999969482422,91.4000015258789,91.5,91.5999984741211,91.6999969482422,91.8000030517578,91.8000030517578,91.8000030517578,91.8000030517578,91.6999969482422,91.8000030517578,91.8000030517578,91.8000030517578,
Latvia,93.5,93.5,93.5,93.5,93.5999984741211,93.5999984741211,93.5999984741211,93.5999984741211,93.5999984741211,93.6999969482422,92.6999969482422,91.5,90.1999969482422,88.6999969482422,87,85.0999984741211,83,83.0999984741211,82.0999984741211,82.5,84,82.5,82.4000015258789,82.9000015258789,83.0999984741211,82,82.6999969482422,81.6999969482422,
Lebanon,27.3999996185303,28,28.7000007629394,29.1000003814697,29.6000003814697,30.2000007629394,30.8999996185303,31.2999992370606,31.7999992370606,32.2999992370606,31.7000007629394,30.3999996185303,31,31.7000007629394,32.0999984741211,32.7000007629394,33,33.0999984741211,33.2999992370606,33.5999984741211,33.9000015258789,33.9000015258789,34,34,34.0999984741211,34.5,34.9000015258789,34.9000015258789,
Lesotho,71.5999984741211,71,69.9000015258789,69,69.8000030517578,70.6999969482422,70.5,70.5999984741211,71.8000030517578,72.9000015258789,73.3000030517578,74.0999984741211,74.8000030517578,75.1999969482422,75.8000030517578,76.4000015258789,77.8000030517578,78.6999969482422,78.6999969482422,79,79.3000030517578,79.9000015258789,80.3000030517578,80.6999969482422,81.0999984741211,81.3000030517578,81.8000030517578,80.6999969482422,
Liberia,60.4000015258789,60.0999984741211,59.9000015258789,59.4000015258789,59,59,59.2000007629394,58.7999992370606,58.7999992370606,59,58.9000015258789,58.9000015258789,58.7000007629394,58.5999984741211,58.7000007629394,58.7999992370606,59.0999984741211,59.2000007629394,59.2000007629394,59.2999992370606,59.2999992370606,59.7000007629394,59.5999984741211,59.9000015258789,60,60.2000007629394,60.2000007629394,60.5,
Libya,17.8999996185303,17.7000007629395,17.3999996185303,17.2000007629395,17.2000007629395,17.3999996185303,17.7999992370605,18.2999992370605,19,19.7000007629395,20.6000003814697,21.5,22.2999992370605,23.3999996185303,24.5,25.7000007629395,26.7999992370605,28.2000007629394,29.3999996185303,30.5,31.2999992370606,32,32.5,32.7000007629394,32.7999992370606,32.7000007629394,32.5999984741211,34.2999992370606,
Lithuania,90.0999984741211,90.0999984741211,90.0999984741211,90.0999984741211,90.0999984741211,90.0999984741211,90.1999969482422,90.1999969482422,90.3000030517578,90.4000015258789,90.0999984741211,89.6999969482422,89.3000030517578,88.8000030517578,88.4000015258789,87.9000015258789,87.3000030517578,86.6999969482422,89.4000015258789,91.3000030517578,87.9000015258789,87.5999984741211,87.3000030517578,87.3000030517578,86.6999969482422,85.8000030517578,83.8000030517578,84.6999969482422,
Luxembourg,42,40.5999984741211,40.7999992370606,41.0999984741211,42.2999992370606,43.2999992370606,45.4000015258789,47.7000007629394,46.4000015258789,47.9000015258789,49.4000015258789,51.2999992370606,54.7999992370606,54.2000007629394,55.7000007629394,52.7000007629394,55.9000015258789,57.9000015258789,58.2000007629394,61.7000007629394,64.8000030517578,64.9000015258789,66.5,66.4000015258789,70.5,72.3000030517578,72.6999969482422,74.5999984741211,
"Macao, China",41.7000007629394,43.4000015258789,44.5999984741211,46.0999984741211,47.5999984741211,47,47.7999992370606,50.2999992370606,51.5,52.0999984741211,53.7999992370606,54.0999984741211,56.5999984741211,55.0999984741211,56,58.2000007629394,67.0999984741211,67.3000030517578,67.5999984741211,68.5,69.4000015258789,70.9000015258789,70.9000015258789,69.9000015258789,71.4000015258789,73.9000015258789,76.5,76.3000030517578,
Madagascar,88.5,88.0999984741211,87.9000015258789,87.9000015258789,87.9000015258789,87.9000015258789,87.9000015258789,87.9000015258789,88,88,87.9000015258789,87.5999984741211,87.5,87.4000015258789,87.3000030517578,87.3000030517578,87.1999969482422,87.1999969482422,87.1999969482422,87.1999969482422,87.4000015258789,87.5,86.9000015258789,87.1999969482422,90.4000015258789,92.6999969482422,92.8000030517578,91.3000030517578,
Malawi,90.6999969482422,90.0999984741211,90,90,88.6999969482422,87.3000030517578,85.6999969482422,83.9000015258789,84,84.0999984741211,84.3000030517578,84.4000015258789,84.5999984741211,84.8000030517578,85,85.1999969482422,85.4000015258789,85.5999984741211,85.8000030517578,85.6999969482422,85.5,84.9000015258789,84.9000015258789,85,85.1999969482422,85.0999984741211,85.4000015258789,84.9000015258789,
Malaysia,47.7000007629394,48,48.2000007629394,48.5999984741211,48.9000015258789,48.7000007629394,48.5999984741211,48.7000007629394,49.0999984741211,49.0999984741211,49.0999984741211,49.2000007629394,49.2999992370606,49.4000015258789,49.5,49.5,49.5999984741211,49.7000007629394,49.7000007629394,50.2000007629394,52.4000015258789,52.2000007629394,52.2000007629394,52.2999992370606,52.5,52.7000007629394,52.9000015258789,53.7999992370606,
Maldives,22.6000003814697,23.2000007629395,24.1000003814697,25.1000003814697,25.7999992370605,25.8999996185303,25.1000003814697,24.2999992370605,23.5,22.7999992370605,22.1000003814697,24.1000003814697,26.1000003814697,28.2999992370606,30.7000007629394,33.0999984741211,35,37,39,41,43.0999984741211,46,49,51.9000015258789,54.7999992370606,57.7000007629394,60.5,60.7999992370606,
Mali,43.7000007629394,42.7999992370606,41.7000007629394,41.7999992370606,41.7000007629394,40,40.5,40,39.9000015258789,40.0999984741211,40.2000007629394,40,40.5,39.7000007629394,39.5999984741211,40,40,40.4000015258789,40.7000007629394,41.0999984741211,41.0999984741211,42.9000015258789,43.2000007629394,43.4000015258789,43.4000015258789,43.7999992370606,44.0999984741211,45.0999984741211,
Malta,9.69999980926514,10.1999998092651,10.8999996185303,11.3000001907349,11.5,12.6000003814697,13.3000001907349,13.5,15,16.2000007629395,17.2000007629395,18.7000007629395,19.2999992370605,20.7999992370605,22.8999996185303,23.6000003814697,25.3999996185303,27.7000007629395,29.2000007629394,30.3999996185303,31.7000007629394,33,38.9000015258789,37.5,38.4000015258789,39,43.2000007629394,45.4000015258789,
Martinique,68.5999984741211,68.6999969482422,68.4000015258789,70,71.6999969482422,73.1999969482422,74.6999969482422,76.1999969482422,77.5999984741211,78.9000015258789,80.1999969482422,80.6999969482422,81.1999969482422,81.6999969482422,82.0999984741211,82.5999984741211,83,83.4000015258789,83.8000030517578,84.0999984741211,84.5,84.5,84.5999984741211,84.8000030517578,84.6999969482422,84.9000015258789,85.5,85.4000015258789,
Mauritania,68.0999984741211,68,67.9000015258789,67.9000015258789,67.5,67.8000030517578,66.9000015258789,67,66.9000015258789,67.3000030517578,66.8000030517578,68,68.0999984741211,69.0999984741211,69.1999969482422,69.5,69.8000030517578,69.9000015258789,70,70.6999969482422,70.6999969482422,71.3000030517578,70.0999984741211,71.3000030517578,71.6999969482422,73,74,73.4000015258789,
Mauritius,40.5999984741211,41.9000015258789,43.4000015258789,44.4000015258789,45.2999992370606,46.7000007629394,48.0999984741211,49.5,50.2999992370606,51.0999984741211,47.7999992370606,48.7999992370606,49.7999992370606,50.7999992370606,51.7000007629394,48.4000015258789,49,49.5,50,50.5,51.0999984741211,51.5999984741211,51.2000007629394,50.9000015258789,50.5,52.7999992370606,53.0999984741211,53.0999984741211,
Mexico,42.0999984741211,44.2000007629394,44.4000015258789,42.0999984741211,42.4000015258789,42.2999992370606,40.7000007629394,40.2999992370606,39.7000007629394,39.2000007629394,38.7999992370606,38.4000015258789,39.4000015258789,40.5,41.5999984741211,42.7000007629394,43.4000015258789,46.4000015258789,45.5999984741211,44.5999984741211,45.4000015258789,45.2000007629394,46.5,46.2999992370606,49.4000015258789,50,51.2000007629394,50.5999984741211,
Mongolia,71.4000015258789,71.5999984741211,71.5999984741211,71.5,71.4000015258789,71.0999984741211,71.1999969482422,71.1999969482422,71.1999969482422,71.5999984741211,72,71.9000015258789,71.5999984741211,71.4000015258789,71.0999984741211,71.3000030517578,71.3000030517578,71.5,71.5,71.5,71.4000015258789,71.3000030517578,71.1999969482422,71.0999984741211,72.4000015258789,71.8000030517578,72.0999984741211,72,
Morocco,22.8999996185303,23,23.5,23.5,23.7999992370605,24.2999992370605,24.7999992370605,24.8999996185303,25.7000007629395,26.2000007629395,26.6000003814697,27.2999992370605,27.3999996185303,27.7000007629395,28.6000003814697,28.7000007629394,29.8999996185303,30.3999996185303,31.2999992370606,32,30.7000007629394,28.8999996185303,28.3999996185303,30.2000007629394,31.1000003814697,31.1000003814697,31.7000007629394,30.8999996185303,
Mozambique,92,91.9000015258789,91.9000015258789,91.9000015258789,91.9000015258789,91.9000015258789,91.9000015258789,91.9000015258789,91.9000015258789,91.9000015258789,91.9000015258789,91.8000030517578,91.8000030517578,91.8000030517578,91.8000030517578,91.8000030517578,91.8000030517578,91.8000030517578,92.0999984741211,92.1999969482422,92.1999969482422,92.5999984741211,92.5999984741211,92.6999969482422,92.9000015258789,93.0999984741211,93.1999969482422,93.3000030517578,
Myanmar,75.6999969482422,75.9000015258789,76.0999984741211,76.3000030517578,76.4000015258789,76.4000015258789,76.5,76.6999969482422,76.9000015258789,77.1999969482422,77.5,77.8000030517578,77.9000015258789,78.0999984741211,78.4000015258789,78.5999984741211,78.8000030517578,79,78.8000030517578,79,79.1999969482422,79.1999969482422,79.3000030517578,79.5,79.6999969482422,79.8000030517578,80.1999969482422,80.0999984741211,
Namibia,66.4000015258789,64.8000030517578,64.5999984741211,63.5999984741211,63.5999984741211,65.1999969482422,65,64,65,64.3000030517578,63.5,63.9000015258789,64.6999969482422,64,64.5,64.0999984741211,63.7000007629394,63.2999992370606,63.7999992370606,64.3000030517578,64.8000030517578,65.3000030517578,66.1999969482422,66.5,67.8000030517578,68.5999984741211,69.5,70,
Nepal,44.5,44.4000015258789,45.2000007629394,46.0999984741211,47,47.9000015258789,48.7999992370606,49.5999984741211,50.5,51.4000015258789,52.2999992370606,53.2000007629394,54.0999984741211,55.0999984741211,56.0999984741211,57,57.9000015258789,58.9000015258789,59.7999992370606,60.7000007629394,61.7000007629394,62.5999984741211,63.7999992370606,65.1999969482422,66.8000030517578,68.5999984741211,70.4000015258789,70,
Netherlands,36.7000007629394,38.5999984741211,40.5999984741211,42.4000015258789,43.4000015258789,44.4000015258789,45.2999992370606,53.5999984741211,55.7000007629394,56.2999992370606,58.5,60.7000007629394,61.5,63.4000015258789,64.5,66.4000015258789,67.0999984741211,69.4000015258789,70.4000015258789,71.5999984741211,72.6999969482422,73.6999969482422,74.1999969482422,75.9000015258789,76.5999984741211,77.8000030517578,78.4000015258789,79.4000015258789,
Netherlands Antilles,44.9000015258789,45.0999984741211,48.7000007629394,53.2999992370606,52.7999992370606,51.7000007629394,51.4000015258789,53.4000015258789,55.4000015258789,57.2999992370606,59.0999984741211,60.7999992370606,62.5,64.0999984741211,65.5999984741211,67.1999969482422,70.9000015258789,74.4000015258789,72.0999984741211,73.5999984741211,75.0999984741211,75.5,75.8000030517578,76.5,76.4000015258789,77.1999969482422,78.5,75.5,
New Caledonia,49.7000007629394,49.2999992370606,49.4000015258789,49.2000007629394,50.4000015258789,51.5,52.7000007629394,53.7999992370606,55,56.0999984741211,56.2000007629394,56.4000015258789,56.2999992370606,56.0999984741211,56.0999984741211,56.2999992370606,56.0999984741211,56.0999984741211,55.7999992370606,55.5999984741211,55.5999984741211,55.5,55.4000015258789,55.5999984741211,55.5999984741211,55.5999984741211,55.7000007629394,55.4000015258789,
New Zealand,46,46.5,51,55.4000015258789,59.7999992370606,64,67.9000015258789,69.0999984741211,68.9000015258789,68.5,69.3000030517578,70.0999984741211,70.3000030517578,70.0999984741211,71.0999984741211,71.8000030517578,73.3000030517578,72.6999969482422,72.5,73.5,73.6999969482422,74.5,74.9000015258789,74.9000015258789,75.1999969482422,76.4000015258789,76.6999969482422,76.8000030517578,
Nicaragua,48.2999992370606,49.9000015258789,48.4000015258789,49.2000007629394,47.5999984741211,45.5,46.2000007629394,46.9000015258789,47.5999984741211,48.2000007629394,48.0999984741211,46.7999992370606,45.5999984741211,44.4000015258789,43.0999984741211,41.9000015258789,42.2999992370606,42.0999984741211,41.7000007629394,43.5,44.2000007629394,44.9000015258789,44.2000007629394,44.4000015258789,45.5,45,46.0999984741211,47.5,
Niger,49,48.9000015258789,48.7999992370606,47.5999984741211,45.0999984741211,45.5,45.5999984741211,45.5,45.7999992370606,45.2999992370606,45.0999984741211,45.0999984741211,43.9000015258789,43.7999992370606,44,44.0999984741211,44,44,44.7000007629394,44.2000007629394,43.5999984741211,44,43.9000015258789,44,43.5999984741211,43.5999984741211,43.7999992370606,43.5999984741211,
Nigeria,49.9000015258789,47.4000015258789,46.7999992370606,45.5999984741211,45.7000007629394,45.7000007629394,45.7000007629394,45.5999984741211,45.2999992370606,46.5,47.2000007629394,47.2000007629394,47.2000007629394,47.4000015258789,46.9000015258789,46.7000007629394,46.7999992370606,46.9000015258789,47.2999992370606,46.7999992370606,47.9000015258789,47.9000015258789,48.7000007629394,49.7999992370606,50.7000007629394,50.7999992370606,51.2999992370606,52,
Norway,68.9000015258789,71.3000030517578,70.6999969482422,73.1999969482422,74.1999969482422,75.8000030517578,79.1999969482422,80.3000030517578,79.5999984741211,78.9000015258789,79.0999984741211,79.0999984741211,79.0999984741211,79.4000015258789,79.5,80.4000015258789,81.8000030517578,82.9000015258789,83.1999969482422,83.1999969482422,83.5,83.3000030517578,82.9000015258789,82.3000030517578,82.8000030517578,83.0999984741211,83.4000015258789,83.1999969482422,
Oman,21.8999996185303,22,22,21.8999996185303,21.7999992370605,21.6000003814697,21.7000007629395,22,22,22.1000003814697,22.5,22.8999996185303,23.2999992370605,23.7999992370605,24.3999996185303,25.1000003814697,25.7999992370605,26.5,27.2000007629395,28.1000003814697,28.6000003814697,28.8999996185303,29.2999992370606,29.7000007629394,30.1000003814697,30.3999996185303,30.7999992370606,31.7000007629394,
Pakistan,11,13.8000001907349,13.8999996185303,12.6999998092651,12.6000003814697,10.6000003814697,11.1999998092651,11.8999996185303,12.6999998092651,12.6999998092651,12.6999998092651,15,15,15.6000003814697,16.5,14.1999998092651,14.8999996185303,15.6000003814697,16.2000007629395,18.2000007629395,20.3999996185303,19.2000007629395,18.1000003814697,19.1000003814697,20,21.7000007629395,23.5,24.5,
Panama,47.7999992370606,50.2000007629394,49.2999992370606,45.7999992370606,46.7999992370606,47.2999992370606,48.9000015258789,45.2999992370606,42.2999992370606,44.2000007629394,45.5,47.5,49,49.5999984741211,50.5,50.7999992370606,51.2999992370606,53.0999984741211,54.9000015258789,56,57.5999984741211,59.0999984741211,60.5999984741211,61,61.5999984741211,62.4000015258789,61.2999992370606,63.2999992370606,
Papua New Guinea,78.3000030517578,78.1999969482422,78.1999969482422,78.3000030517578,78,78.0999984741211,78.1999969482422,78.1999969482422,78.1999969482422,78,77.8000030517578,78.0999984741211,78.6999969482422,79.3000030517578,79.4000015258789,79.0999984741211,79.3000030517578,79.0999984741211,78.8000030517578,79,78.9000015258789,78.6999969482422,79,79.3000030517578,79.3000030517578,79.3000030517578,79.3000030517578,79.3000030517578,
Paraguay,61.2000007629394,62.2999992370606,62.9000015258789,63.4000015258789,64,64.1999969482422,64.0999984741211,63.9000015258789,63.7000007629394,63.5,59.2000007629394,57.4000015258789,61,61.9000015258789,62.7999992370606,64.0999984741211,65.5999984741211,67.4000015258789,69.3000030517578,71.1999969482422,73,74.6999969482422,76.3000030517578,77.9000015258789,79.3000030517578,80.5999984741211,81.8000030517578,82.3000030517578,
Peru,39.7000007629394,40.7000007629394,41.4000015258789,43.5,46.2000007629394,53.5,60.7000007629394,57,57.4000015258789,57.7999992370606,58.5999984741211,59.4000015258789,60.2000007629394,61,61.7000007629394,62.5,63.2999992370606,64,64.8000030517578,65.5,66.1999969482422,67,67.6999969482422,69.4000015258789,71.0999984741211,72.6999969482422,74.3000030517578,73.4000015258789,
Philippines,57.0999984741211,57.2000007629394,57.2999992370606,57.2999992370606,56.9000015258789,56.5999984741211,55.7000007629394,54.9000015258789,55.2999992370606,54.0999984741211,54.2000007629394,53.7999992370606,54.2000007629394,54.4000015258789,54.5,56.5,56.5999984741211,57.5,57.5999984741211,58.4000015258789,56.5999984741211,60.7999992370606,60.9000015258789,59.5999984741211,58.4000015258789,58.7000007629394,57.7000007629394,58,
Poland,77.3000030517578,77.3000030517578,77.3000030517578,77.3000030517578,77.3000030517578,77.4000015258789,77.5,77.5999984741211,77.8000030517578,77.9000015258789,78.0999984741211,78.1999969482422,78.4000015258789,78.6999969482422,78.5999984741211,77.9000015258789,77.5,76.5,76.5,76.6999969482422,76.5999984741211,76.6999969482422,76.1999969482422,76.1999969482422,76.4000015258789,76.6999969482422,75.4000015258789,76.5,
Portugal,54.7999992370606,57.4000015258789,56.7999992370606,62.5999984741211,62.5,63.5,63,64.9000015258789,66.5,67.5999984741211,69.3000030517578,72.0999984741211,71.0999984741211,73.1999969482422,74.3000030517578,75.1999969482422,75.6999969482422,76.5,75.0999984741211,75.5999984741211,77.3000030517578,78.0999984741211,78.4000015258789,79.5999984741211,80.5999984741211,81.8000030517578,82.6999969482422,82.0999984741211,
Puerto Rico,31.8999996185303,32.2999992370606,31.7000007629394,31.7000007629394,34.0999984741211,34.7000007629394,37.4000015258789,39.4000015258789,41.9000015258789,43.7000007629394,44.7999992370606,46.5999984741211,46.7999992370606,48.5,48.2000007629394,48,49.0999984741211,49.9000015258789,50.2999992370606,52.7999992370606,50.2999992370606,53.0999984741211,53.7000007629394,54.5999984741211,54.9000015258789,55.9000015258789,57.4000015258789,58.4000015258789,
Qatar,31.8999996185303,33.2999992370606,35,36.2000007629394,37.0999984741211,37.7999992370606,38.4000015258789,38.9000015258789,39.4000015258789,40,40.7000007629394,41.4000015258789,42.2000007629394,42.9000015258789,43.7000007629394,44.4000015258789,45,45.7000007629394,46.5,47.2999992370606,48,48.7999992370606,49.7000007629394,50.7000007629394,51.7999992370606,52,51.5,52.2999992370606,
Moldova,90.3000030517578,90.1999969482422,90.1999969482422,90.1999969482422,90.0999984741211,89.9000015258789,90.0999984741211,90.1999969482422,89.9000015258789,90.0999984741211,89.4000015258789,88.5999984741211,87.9000015258789,87,86.0999984741211,85,83.6999969482422,82.3000030517578,80.8000030517578,79.1999969482422,77.4000015258789,75.5999984741211,73.6999969482422,71.8000030517578,69.8000030517578,69.9000015258789,69.9000015258789,66.4000015258789,
Reunion,42.0999984741211,42.7999992370606,43.2999992370606,45.2999992370606,47.2999992370606,49.2999992370606,51.4000015258789,53.4000015258789,55.2999992370606,57.2999992370606,59.2000007629394,60.5999984741211,62,63.2999992370606,64.5999984741211,65.9000015258789,67.0999984741211,68.3000030517578,69.4000015258789,70.5999984741211,70.5,71,71,71.1999969482422,71.6999969482422,72,72.3000030517578,73.0999984741211,
Romania,82.3000030517578,82.3000030517578,82.1999969482422,82,81.9000015258789,81.6999969482422,81.5999984741211,81.4000015258789,81.3000030517578,81.1999969482422,81.1999969482422,79.3000030517578,79.5,79.9000015258789,80.0999984741211,80.3000030517578,78.1999969482422,78,75.9000015258789,75.9000015258789,75.8000030517578,74.6999969482422,70.8000030517578,70,71,70.5999984741211,72.5999984741211,69.6999969482422,
Russia,91.6999969482422,91.8000030517578,91.9000015258789,92,92.1999969482422,92.4000015258789,92.1999969482422,92.0999984741211,92.3000030517578,92.0999984741211,91,89.6999969482422,88.0999984741211,87.0999984741211,86,84.6999969482422,84.8000030517578,84.5999984741211,84.4000015258789,84.0999984741211,84.5999984741211,85,85.3000030517578,85.4000015258789,85.3000030517578,85.5,85.4000015258789,85.3000030517578,
Rwanda,94.9000015258789,94.9000015258789,94.8000030517578,94.8000030517578,94.5,94.5,94.4000015258789,94.1999969482422,94.1999969482422,94.0999984741211,94,94,94.1999969482422,94.1999969482422,92.3000030517578,93.4000015258789,93.8000030517578,94,94.0999984741211,94.1999969482422,94.3000030517578,94.5,94.8000030517578,95,95.0999984741211,95.3000030517578,95.3000030517578,95.4000015258789,
Saint Lucia,38.7999992370606,39.2999992370606,35.5999984741211,36.5,42.7000007629394,41,45.2000007629394,45.9000015258789,50.0999984741211,52.5999984741211,59.7000007629394,60.5,62,62.4000015258789,62.2000007629394,62.7999992370606,62.9000015258789,62.7999992370606,63.9000015258789,64.1999969482422,64,62.4000015258789,62.0999984741211,62.5,62.5999984741211,63.5,64.5,63.4000015258789,
Saint Vincent and the Grenadines,37.9000015258789,39.5,40.7999992370606,41.5999984741211,42.7000007629394,44.9000015258789,48.7999992370606,49.5,54.5999984741211,55.4000015258789,57.7000007629394,57.7999992370606,59.2000007629394,59.2000007629394,58.5,58.4000015258789,58.2999992370606,59.2000007629394,60.5,61.5999984741211,61.9000015258789,61.5999984741211,62,63.5,65,66.3000030517578,68.1999969482422,67.4000015258789,
Samoa,57.5,57.7000007629394,57.9000015258789,57.9000015258789,56.4000015258789,56.4000015258789,56.5,56.2999992370606,55.0999984741211,54.7999992370606,54.0999984741211,53.9000015258789,54.0999984741211,54.2999992370606,56.4000015258789,56.7000007629394,56.9000015258789,56.9000015258789,56.9000015258789,56.9000015258789,57.2000007629394,57.5999984741211,57.7000007629394,57.5999984741211,57.5999984741211,57.9000015258789,57.9000015258789,58.0999984741211,
Sao Tome and Principe,46.5,46.7999992370606,47.0999984741211,47.5,47.7999992370606,48.2000007629394,48.5999984741211,49,49.4000015258789,49.7999992370606,50.2000007629394,50.5999984741211,50.7000007629394,49.9000015258789,51,52,53.0999984741211,54.2000007629394,54.9000015258789,57.5999984741211,58.4000015258789,59,59.2000007629394,59.2999992370606,59.9000015258789,60.2999992370606,61,63.0999984741211,
Saudi Arabia,16.2999992370605,16.7999992370605,18.3999996185303,19.7999992370605,20.5,21.2999992370605,21.6000003814697,22.1000003814697,22.1000003814697,22.2999992370605,22.2000007629395,22,22,22.1000003814697,22.2999992370605,22.6000003814697,22.8999996185303,23.2999992370605,23.7000007629395,24.2999992370605,24.7000007629395,25.2000007629395,25.8999996185303,26.2000007629395,26.7000007629395,26.8999996185303,27.2999992370605,27.8999996185303,
Senegal,67.5999984741211,67.1999969482422,68.3000030517578,68.0999984741211,67.6999969482422,67.9000015258789,67.9000015258789,67.9000015258789,68.0999984741211,67.5,67.5,67.1999969482422,67,66.5999984741211,66.6999969482422,67,67.1999969482422,67.4000015258789,67.6999969482422,68.4000015258789,68.5999984741211,69,69.0999984741211,69.6999969482422,70.1999969482422,70.8000030517578,70.9000015258789,72.1999969482422,
Serbia and Montenegro,85.5999984741211,85.8000030517578,85.9000015258789,86.0999984741211,86.3000030517578,86.5,86.9000015258789,87.3000030517578,87.5999984741211,87.9000015258789,88,75.3000030517578,74.8000030517578,74.8000030517578,75,75.6999969482422,76.8000030517578,76.9000015258789,77,77.0999984741211,77.4000015258789,77.4000015258789,77.5999984741211,77.8000030517578,78,78.1999969482422,78.4000015258789,78.6999969482422,
Sierra Leone,83.3000030517578,83.4000015258789,83.5999984741211,83.4000015258789,83.5,83,83.0999984741211,83,82.3000030517578,82,82.5,82.3000030517578,81.4000015258789,81,80.9000015258789,79.4000015258789,79.6999969482422,77.9000015258789,77.9000015258789,76.8000030517578,76.8000030517578,77.8000030517578,79.5,79.6999969482422,80,80.1999969482422,80.5,79.8000030517578,
Singapore,42.2999992370606,44.0999984741211,45.0999984741211,46.5999984741211,48,47.9000015258789,50.7999992370606,53.2000007629394,54.5999984741211,56.4000015258789,58.7999992370606,59.5999984741211,60.2999992370606,60.2999992370606,60.5999984741211,59.7000007629394,62.7999992370606,62.5999984741211,63.7000007629394,64.1999969482422,64.6999969482422,65.5,66.1999969482422,67.0999984741211,68,68.9000015258789,69.9000015258789,70.5,
Slovak Republic,94.6999969482422,94.8000030517578,94.9000015258789,95,95.0999984741211,95.0999984741211,95.1999969482422,95.1999969482422,95.1999969482422,95.1999969482422,95.0999984741211,90,88.0999984741211,85.8000030517578,81.1999969482422,82,82.5999984741211,81.6999969482422,81,81.4000015258789,82.8000030517578,83.9000015258789,83.6999969482422,84.5,83.9000015258789,82,81.0999984741211,82.8000030517578,
Slovenia,83.4000015258789,83.5,83.6999969482422,83.8000030517578,84,84.1999969482422,84.4000015258789,84.5,84.6999969482422,84.9000015258789,85,81.5,79.5999984741211,77.4000015258789,83.1999969482422,85.1999969482422,84.5,83.1999969482422,83.9000015258789,83.6999969482422,84.5,85,85.6999969482422,84.4000015258789,86.3000030517578,87.0999984741211,88.5,88,
Solomon Islands,67.1999969482422,67.3000030517578,67.4000015258789,67.5,67.5,67.3000030517578,67,66.5,66,65.5,65.0999984741211,64.9000015258789,64.6999969482422,64.5999984741211,64.5,64.1999969482422,63.9000015258789,63.5999984741211,63.0999984741211,62.7000007629394,62.4000015258789,62.0999984741211,61.7999992370606,61.5,61.2999992370606,61.0999984741211,60.9000015258789,60.7999992370606,
Somalia,53.2999992370606,52.7999992370606,52.2999992370606,52.4000015258789,52.5999984741211,52.2999992370606,51.5,51.7999992370606,51.7000007629394,51.7999992370606,52.9000015258789,53.7999992370606,54.9000015258789,55.5,56,56.4000015258789,56.5,56.5,56.2999992370606,56.2000007629394,56.0999984741211,56.2999992370606,56.7000007629394,57.2000007629394,57.4000015258789,57.7000007629394,57.9000015258789,57.7000007629394,
South Africa,57.2999992370606,57.7000007629394,57.5,57.2000007629394,57.7000007629394,57.5,57.5,57.5999984741211,58.0999984741211,58.5,58.7000007629394,58.5999984741211,58.5999984741211,59,59.5999984741211,60.2000007629394,60.9000015258789,61.2999992370606,61.5,61.9000015258789,62.2999992370606,62.7000007629394,63.0999984741211,63.5,64,64.6999969482422,65.1999969482422,65.5,
Spain,30.3999996185303,30.2999992370606,31.7999992370606,33.2999992370606,34.0999984741211,35.0999984741211,36.5,40.7000007629394,43.2999992370606,44.7999992370606,46.9000015258789,48.7000007629394,50.5,52.2999992370606,54.5,55.9000015258789,57.5,58.9000015258789,59.5999984741211,60.5999984741211,62.7999992370606,61.2000007629394,63.7999992370606,66.3000030517578,68.3000030517578,69,71.0999984741211,71.0999984741211,
Sri Lanka,45.5,45.2999992370606,44.9000015258789,44.4000015258789,44.2000007629394,44.2000007629394,43.0999984741211,45.7999992370606,48.5999984741211,51.4000015258789,54.0999984741211,50.2000007629394,46.4000015258789,46.4000015258789,45.7999992370606,44.0999984741211,43.5999984741211,43.7000007629394,49.4000015258789,46.2000007629394,47.0999984741211,47.9000015258789,49,50.2000007629394,51.7000007629394,52.2999992370606,53.4000015258789,55.0999984741211,
Sudan,31.6000003814697,32.2000007629394,32.5,32.5999984741211,31.7000007629394,30.7999992370606,29.8999996185303,29,28.2000007629394,27.3999996185303,26.6000003814697,27.2000007629395,27.7999992370605,28.5,29.7999992370606,31.1000003814697,32.5999984741211,33,33.5999984741211,34.5,35.5999984741211,35.5999984741211,36,36.5999984741211,37.0999984741211,38,39.4000015258789,40,
Suriname,43.2000007629394,42.7000007629394,41.4000015258789,41.2000007629394,42.4000015258789,42.5999984741211,44.2000007629394,45.7999992370606,47.5999984741211,49.2999992370606,48.2000007629394,48.7000007629394,48.7000007629394,47.2000007629394,47.7999992370606,47.4000015258789,49.4000015258789,51.4000015258789,53.2000007629394,54.9000015258789,55.4000015258789,55.5,55.7000007629394,56.5,56.5999984741211,57.5999984741211,59.5999984741211,57.7000007629394,
Swaziland,71.8000030517578,71.3000030517578,71.1999969482422,70.6999969482422,71,71,72.5999984741211,74,74.1999969482422,75.4000015258789,75.4000015258789,75.4000015258789,75.3000030517578,75.6999969482422,76.3000030517578,76,76,76.5,77.3000030517578,77.5999984741211,78.1999969482422,78.1999969482422,79.1999969482422,79.5999984741211,79.9000015258789,80.1999969482422,80.5,81.0999984741211,
Sweden,83,84.8000030517578,86,87.0999984741211,88.3000030517578,89,89.8000030517578,90.0999984741211,90.4000015258789,90.5,90.9000015258789,90.0999984741211,89.0999984741211,88.1999969482422,87,87,87.0999984741211,86.0999984741211,85.4000015258789,85.5999984741211,85.5999984741211,85.6999969482422,85.6999969482422,85.4000015258789,85.3000030517578,86.5,86.1999969482422,86,
Switzerland,51.4000015258789,52.7999992370606,54.2000007629394,55.5999984741211,57,58.4000015258789,59.7999992370606,61.2000007629394,62.5,63.7999992370606,65.0999984741211,73.8000030517578,75.0999984741211,74.4000015258789,74.5,75.4000015258789,76.0999984741211,76.6999969482422,78.5,77.5999984741211,78,79.5999984741211,80.6999969482422,80.5999984741211,80.8000030517578,81.4000015258789,81.1999969482422,81.9000015258789,
Syria,13.1999998092651,13.3999996185303,13.3000001907349,13.1999998092651,13.8000001907349,14.6999998092651,15.6000003814697,16.5,17.5,18.5,19.6000003814697,20.7000007629395,21.7999992370605,23,24.2000007629395,25.5,21.2999992370605,17.7000007629395,18.3999996185303,19.1000003814697,19.7999992370605,20.5,21.2999992370605,22.1000003814697,22.7000007629395,23.2999992370605,23.7999992370605,23.5,
Tajikistan,89.1999969482422,89.4000015258789,89.5,89.6999969482422,89.8000030517578,90,90.0999984741211,90.3000030517578,90.4000015258789,90.6999969482422,91,76.9000015258789,74.3000030517578,72.5,69.4000015258789,67.5,64.6999969482422,64.4000015258789,65.0999984741211,65.8000030517578,66.6999969482422,68.6999969482422,69.5999984741211,71,71.9000015258789,72.5999984741211,73.1999969482422,75.5,
Tanzania,94,94,94,94,93.9000015258789,93.9000015258789,93.9000015258789,94,94.0999984741211,94.0999984741211,94.1999969482422,94.1999969482422,94.1999969482422,94.1999969482422,94.0999984741211,94.1999969482422,94.1999969482422,94.3000030517578,94.3000030517578,94.4000015258789,94.4000015258789,94.5,94.5999984741211,94.6999969482422,94.8000030517578,94.9000015258789,95,95,
Thailand,86.6999969482422,87.3000030517578,87.9000015258789,86.9000015258789,85.9000015258789,85.8000030517578,85.6999969482422,85.6999969482422,85.5,85.5999984741211,85.0999984741211,83.3000030517578,81.3000030517578,79,76.5999984741211,79,81.3000030517578,82.4000015258789,81.5999984741211,80.6999969482422,81.1999969482422,81.3000030517578,81.5999984741211,81.9000015258789,81.5999984741211,82.3000030517578,82.4000015258789,81.9000015258789,
"Macedonia, FYR",75.9000015258789,75.5999984741211,75.5,75.1999969482422,75,75,74.9000015258789,74.9000015258789,74.9000015258789,74.9000015258789,75,65.3000030517578,62,58.5999984741211,55,58.0999984741211,61.2000007629394,60.7999992370606,60.4000015258789,60,60.9000015258789,61.7999992370606,62.7000007629394,63.0999984741211,60.9000015258789,63.7000007629394,62.9000015258789,63.2000007629394,
Togo,59.5999984741211,58.7999992370606,57.9000015258789,56.7999992370606,56.9000015258789,57,56.5999984741211,56.2000007629394,56.5999984741211,56.5999984741211,56.2000007629394,55.9000015258789,55.2000007629394,53.0999984741211,55.0999984741211,55.5999984741211,56.2000007629394,57.5999984741211,57.0999984741211,57.2000007629394,56.9000015258789,56.7000007629394,56.9000015258789,57.0999984741211,57.2999992370606,57.5999984741211,57.7000007629394,57.4000015258789,
Tonga,17,17,17.2000007629395,17.2999992370605,17.3999996185303,17.6000003814697,17.6000003814697,20,22.7000007629395,25.7000007629395,28.8999996185303,32.4000015258789,36.2000007629394,40.2000007629394,44.4000015258789,48.5999984741211,52.9000015258789,55.2000007629394,57.5,59.7000007629394,61.9000015258789,64.0999984741211,66.1999969482422,68.3000030517578,68.3000030517578,68.5,68.5999984741211,70.1999969482422,
Trinidad and Tobago,57.7000007629394,58,58.2999992370606,55.5999984741211,54.5999984741211,53.7000007629394,53.2000007629394,52.5,53.2999992370606,53.2999992370606,48.4000015258789,55.2999992370606,55,54.7999992370606,55.9000015258789,56.9000015258789,59.4000015258789,60.2000007629394,60.9000015258789,61.5,60.4000015258789,61.5999984741211,62.7000007629394,65.0999984741211,67.4000015258789,69.6999969482422,73,70.3000030517578,
Tunisia,18.2999992370605,18.6000003814697,18.7999992370605,19.2000007629395,19.5,19.8999996185303,20.1000003814697,20.5,20.7000007629395,21.1000003814697,21.7999992370605,22.5,23.2999992370605,24,24.7999992370605,25.5,26.2000007629395,27,27.7000007629395,28.3999996185303,29.1000003814697,29.8999996185303,30.6000003814697,31.3999996185303,32.2999992370606,33.0999984741211,33.7000007629394,33.2000007629394,
Turkey,26.2000007629395,25.2999992370605,25.2999992370605,26.7000007629395,27.6000003814697,28.7999992370606,31.2000007629394,33.5,35.5,37.7999992370606,36,35.2999992370606,34.5,28.6000003814697,33.0999984741211,33.0999984741211,32.0999984741211,30.2999992370606,31,31.2000007629394,28.8999996185303,29.6000003814697,30.7000007629394,29.7999992370606,28.6000003814697,28.5,29,28.2000007629394,
Turkmenistan,87.1999969482422,87,87,86.9000015258789,86.8000030517578,86.5999984741211,86.8000030517578,86.9000015258789,86.5999984741211,87,87.1999969482422,80.5999984741211,80.6999969482422,80.6999969482422,80.0999984741211,80,79.5999984741211,78.8000030517578,79.1999969482422,80,80.8000030517578,81.1999969482422,81.3000030517578,81.5,81.5999984741211,81.6999969482422,81.6999969482422,82.3000030517578,
Uganda,87.9000015258789,87.9000015258789,87.8000030517578,88,87.8000030517578,87.4000015258789,87.1999969482422,87.1999969482422,87.4000015258789,87.5,87.6999969482422,87.6999969482422,87.8000030517578,87.9000015258789,88,88.3000030517578,88.5,88.5,88.5,88.5999984741211,88.8000030517578,88.8000030517578,88.9000015258789,88.9000015258789,89,89.0999984741211,89.1999969482422,89.3000030517578,
Ukraine,92,92,92.0999984741211,92.1999969482422,92.3000030517578,92.3000030517578,92.1999969482422,92.0999984741211,92.0999984741211,92,91.3000030517578,90.5999984741211,89.9000015258789,89.1999969482422,88.3000030517578,87.3000030517578,88.6999969482422,89.9000015258789,90.8000030517578,81.5999984741211,82.5999984741211,82.1999969482422,81.6999969482422,81.3000030517578,79.5,78.6999969482422,78.6999969482422,79.5999984741211,
United Arab Emirates,20.3999996185303,21.3999996185303,22.5,23.5,24.6000003814697,25.7000007629395,26.7999992370605,27.8999996185303,29,30.1000003814697,31.2000007629394,32.5,33.7000007629394,35.0999984741211,36.4000015258789,37.7999992370606,38.0999984741211,39,40.4000015258789,40.7999992370606,42.2999992370606,43.2999992370606,44.5999984741211,45.2999992370606,46.0999984741211,46.2999992370606,45.7000007629394,47.0999984741211,
United Kingdom,62.0999984741211,61.2000007629394,63.0999984741211,65,66.8000030517578,67.6999969482422,68.8000030517578,69.5999984741211,71,72,73,72.8000030517578,73.5,73.8000030517578,74,74,74.5,75,75.1999969482422,75.9000015258789,76.1999969482422,76.4000015258789,76.6999969482422,76.5999984741211,76.8000030517578,77.3000030517578,77.9000015258789,78,
United States,64,65.3000030517578,66.4000015258789,67.0999984741211,68.1999969482422,69.5999984741211,70.8000030517578,71.9000015258789,72.6999969482422,73.6999969482422,74,74,74.5999984741211,74.5999984741211,75.3000030517578,75.5999984741211,76.0999984741211,76.6999969482422,76.5,76.8000030517578,76.6999969482422,76.4000015258789,75.9000015258789,75.6999969482422,75.3000030517578,75.3000030517578,75.5,75.1999969482422,
Virgin Islands (U.S.),77.3000030517578,77,76.3000030517578,76.3000030517578,77.3000030517578,77.4000015258789,78.4000015258789,79.3000030517578,80.1999969482422,81.0999984741211,81.6999969482422,82.3000030517578,82.5,82.6999969482422,83.0999984741211,83.5999984741211,84.1999969482422,85,85.8000030517578,86.3000030517578,86.5999984741211,86.6999969482422,86.6999969482422,86.8000030517578,86.5999984741211,86.8000030517578,87.4000015258789,87.3000030517578,
Uruguay,58.7000007629394,59.2000007629394,59,58.7000007629394,58.7999992370606,59.4000015258789,60,60.5,61.0999984741211,61.5999984741211,62.0999984741211,65.3000030517578,68.5,67.4000015258789,68.4000015258789,69.9000015258789,70.5,71.0999984741211,71.6999969482422,72,72.4000015258789,72.8000030517578,73.1999969482422,73.5,73.9000015258789,74.3000030517578,74.5999984741211,75.0999984741211,
Uzbekistan,89.1999969482422,89.4000015258789,89.5999984741211,89.8000030517578,90.0999984741211,90.1999969482422,90.4000015258789,90.5,90.5999984741211,90.8000030517578,91,76.4000015258789,75,74.6999969482422,74.1999969482422,74,74.0999984741211,74.5999984741211,74.8000030517578,75.0999984741211,75.4000015258789,75.6999969482422,75.8000030517578,76,76.4000015258789,76.8000030517578,77.0999984741211,77.6999969482422,
Vanuatu,83.6999969482422,83.8000030517578,84,83.6999969482422,84.3000030517578,83.5999984741211,83,83.5999984741211,83.3000030517578,83.0999984741211,82.8000030517578,83.5999984741211,83.8000030517578,83.6999969482422,84.3000030517578,84,84.0999984741211,84,84,83.8000030517578,83.9000015258789,83.6999969482422,83.5,83.5999984741211,83.5999984741211,83.8000030517578,83.9000015258789,83.6999969482422,
Venezuela,35,36.2999992370606,37.5,37.9000015258789,38.7000007629394,39.2000007629394,39.5999984741211,39.7000007629394,39.7999992370606,39.7000007629394,40.2000007629394,41.2999992370606,42.7000007629394,44.2000007629394,45.7000007629394,47.5,49.2000007629394,51.2000007629394,53.0999984741211,54.7000007629394,56.5999984741211,58.5,60,61.4000015258789,63.5,65.0999984741211,66.6999969482422,66.8000030517578,
Vietnam,83.0999984741211,83.3000030517578,83.5,83.6999969482422,83.9000015258789,83.9000015258789,84.0999984741211,84.4000015258789,84.5999984741211,85,85.4000015258789,85.9000015258789,86.3000030517578,86.6999969482422,87,87.4000015258789,87.6999969482422,87.1999969482422,87.8000030517578,88.8000030517578,88.0999984741211,87.9000015258789,88,88.8000030517578,87.9000015258789,88,88,88.3000030517578,
West Bank and Gaza,13.3999996185303,12.8000001907349,12.1999998092651,12.3999996185303,12.6000003814697,12.1999998092651,11.3000001907349,11.3999996185303,11.1999998092651,11.1999998092651,12.1000003814697,12.8999996185303,13.8000001907349,14.1999998092651,14.5,14.6999998092651,14.6999998092651,14.6999998092651,14.5,14.3999996185303,14.5,14.6999998092651,14.8000001907349,17,19.3999996185303,20.1000003814697,20.7000007629395,20.2000007629395,
"Yemen, Rep.",18.8999996185303,18.1000003814697,17.2000007629395,17.2000007629395,17.2000007629395,16.6000003814697,15.5,15.5,15.1999998092651,15.3000001907349,16.3999996185303,16.2999992370605,17.8999996185303,18.2999992370605,19.2000007629395,20.3999996185303,20.5,21,20.6000003814697,21.3999996185303,22,22.2999992370605,23,24.8999996185303,25.3999996185303,26.5,27,26.7999992370605,
Zambia,51.2999992370606,51.0999984741211,50.9000015258789,50.7000007629394,50.7000007629394,53.2000007629394,56.2999992370606,58.7999992370606,61.5999984741211,64.0999984741211,66.5,69.0999984741211,68.4000015258789,68.6999969482422,67.1999969482422,66.5,67,66.9000015258789,66.5,66.1999969482422,66.3000030517578,66.5,66.5999984741211,66.8000030517578,67.8000030517578,68.4000015258789,68.9000015258789,67.5,
Zimbabwe,76.1999969482422,77.1999969482422,77.3000030517578,77.3000030517578,76.9000015258789,77.3000030517578,77.5,77.4000015258789,77.6999969482422,77.9000015258789,78.1999969482422,78.4000015258789,78.0999984741211,78.0999984741211,78.5999984741211,78.6999969482422,79.0999984741211,79.4000015258789,77.6999969482422,75.8000030517578,75.1999969482422,74.5,73.6999969482422,73,72.9000015258789,72.8000030517578,72.5,71.1999969482422,
,,,,,,,,,,,,,,,,,,,,,,,,,,,,,